,0
MBR_GNDR,0.4544326792522778
AGE_AT_MIDMONTH,0.06612603598113856
ALLOW_AMT,0.007488661884348732
ALLOW_ER,0.0005253909710143634
ALLOW_IP,0.013919795217714345
CC_ADHD,0.007340785591131107
CC_ALZHEIMER,0.11679926269051863
CC_ALZHEIMER_PLUS,0.19557970368989439
CC_AMI,0.03387622908988295
CC_ANEMIA,0.001137730696937955
CC_ANXIETY_DISORDER,0.06480707683930845
CC_ARTHRITIS,0.0022006449930640965
CC_ASTHMA,0.09387891872689853
CC_ATRIAL_FIB,0.1224502306076684
CC_AUTISM,0.103194001477466
CC_BIPOLAR,0.024815951274695103
CC_BPH,0.12784590623307843
CC_BREAST_CANCER,0.06583292582808903
CC_CATARACT,0.06267897659579363
CC_CEREBRAL_PALSY,0.0018080521817880457
CC_CHRONIC_KIDNEY,0.08477639940532408
CC_COLORECTAL_CANCER,0.043295021228087475
CC_COPD,0.0840921956618086
CC_CYSTIC_FIBROSIS,0.02093670479946872
CC_DEPRESSION,0.07173526889044875
CC_DEPRESSIVE_DISORDERS,0.04802904966784783
CC_DEVELOP_DELAYS,0.06733128978488734
CC_DIABETES,0.1620152123137337
CC_DISAB_DX_CNT,0.14049609955923165
CC_DX_CNT,0.032668634156666945
CC_ENDOMETRIAL_CANCER,0.006099560092373571
CC_EPILEPSY,0.03237366326086126
CC_FIBROMYALGIA,0.004792966178359478
CC_GLAUCOMA,0.03404157368898995
CC_HEARING_IMPAIR,0.08006306647624953
CC_HEART_FAILURE,0.08023155157764304
CC_HEPATITIS_A,
CC_HEPATITIS_B_ACUTE,0.01663022001774174
CC_HEPATITIS_B_CHRONIC,0.015257760146298446
CC_HEPATITIS_C_ACUTE,
CC_HEPATITIS_C_CHRONIC,0.049166990866696896
CC_HEPATITIS_C_UNSPECIFIED,0.034477757801791874
CC_HEPATITIS_D,
CC_HEPATITIS_E,
CC_HEPATITIS_GEN,0.046400828704745704
CC_HIP_FRACTURE,0.06410543077548311
CC_HYPERLIPIDEMIA,0.04134634651470674
CC_HYPERTENSION,0.006488865278761205
CC_HYPOTHYROID,0.058091936070062515
CC_INT_DISAB,0.07573018975302158
CC_ISCHEMIC,0.13786029913141015
CC_LEARN_DISAB,0.06207986441814847
CC_LEUKEMIAS,0.00048671086379105177
CC_LIVER,0.05710017218524139
CC_LUNG_CANCER,0.05140790901846514
CC_MIGRAINE,0.1237475060499692
CC_MOBILITY_IMPAIR,0.04001318127994695
CC_MULTIPLE_SCLEROSIS,0.030988404182178474
CC_MUSCULAR_DYSTROPHY,0.013451629990726056
CC_OBESITY,0.4424478554190052
CC_OSTEOPOROSIS,0.09896844484016842
CC_PERIPHERAL,0.1313943794153108
CC_PERSONALITY,0.0127131968360023
CC_PRESSURE,0.0691044911026132
CC_PROSTATE_CANCER,0.08278399418496875
CC_PTSD,0.04797145084012431
CC_SCHIZOPHRENIA,0.0870906498428643
CC_SCHIZOPHRENIA_OTHER,0.1156414892064269
CC_SPINAL_CORD,0.05783509800111387
CC_SPINA_BIFIDA,0.028985355341286427
CC_STROKE,0.03779056842254374
CC_TOBACCO,0.15495572853436762
CC_TRAUMATIC_BRAIN,0.0026105782239815504
CC_VISUAL_IMPAIR,0.04326534913768522
LOB,0.43599159808131854
PREGNANCY,0.01053545281795628
IP_BIN,0.04658214190142341
ER_BIN,0.043903651324826036
ACUTE,0.05804884346564783
IP_C,0.098402674987457
ER_C,0.07574577040794582
ACUTE_C,0.09972470779449917
IP_BIN6,0.08780185469386287
ER_BIN6,0.07332105586876124
ACUTE6,0.09878901524498876
IP_BIN2,0.06221570572100327
ER_BIN2,0.055291338276150945
ACUTE2,0.07404044702791487
HasPast,0.18163910019543478
