,0
MBR_GNDR,0.8568411788193104
AGE_AT_MIDMONTH,0.7149649716063294
ALLOW_AMT,0.3750249296463106
ALLOW_ER,0.07575511108085539
ALLOW_IP,0.624606833822566
CC_ADHD,0.20932841156271131
CC_ALZHEIMER,0.9336743289332784
CC_ALZHEIMER_PLUS,0.9390133120210861
CC_AMI,0.6441438872624374
CC_ANEMIA,0.01862361453089905
CC_ANXIETY_DISORDER,0.5499578643424121
CC_ARTHRITIS,0.3719472285992763
CC_ASTHMA,1.2186844461944841
CC_ATRIAL_FIB,0.7916491478759109
CC_AUTISM,1.0910946725961597
CC_BIPOLAR,0.8330228620939369
CC_BPH,0.8393715412481433
CC_BREAST_CANCER,0.9347490620713158
CC_CATARACT,0.8775323642409787
CC_CEREBRAL_PALSY,0.12843094847613162
CC_CHRONIC_KIDNEY,0.28659175276893123
CC_COLORECTAL_CANCER,0.8988589573718799
CC_COPD,0.5953170738750451
CC_CYSTIC_FIBROSIS,0.7438427365938698
CC_DEPRESSION,1.0242413043493583
CC_DEPRESSIVE_DISORDERS,0.7771159772221911
CC_DEVELOP_DELAYS,1.207181817712299
CC_DIABETES,0.36775711722473436
CC_DISAB_DX_CNT,1.0544200428800687
CC_DX_CNT,0.28119264955846335
CC_ENDOMETRIAL_CANCER,0.44585221769458866
CC_EPILEPSY,0.5941031057144718
CC_FIBROMYALGIA,1.172142870288466
CC_GLAUCOMA,0.47503550753871243
CC_HEARING_IMPAIR,1.073527936812209
CC_HEART_FAILURE,0.5679561689379504
CC_HEPATITIS_A,
CC_HEPATITIS_B_ACUTE,12.765081474822521
CC_HEPATITIS_B_CHRONIC,0.8006367569409159
CC_HEPATITIS_C_ACUTE,
CC_HEPATITIS_C_CHRONIC,0.7604308528635091
CC_HEPATITIS_C_UNSPECIFIED,0.7775063001112098
CC_HEPATITIS_D,
CC_HEPATITIS_E,
CC_HEPATITIS_GEN,0.6839117095930106
CC_HIP_FRACTURE,1.046507890023752
CC_HYPERLIPIDEMIA,0.3045544504731567
CC_HYPERTENSION,0.07182437557631761
CC_HYPOTHYROID,2.0605245818546
CC_INT_DISAB,1.1059921788060225
CC_ISCHEMIC,0.7119427127660674
CC_LEARN_DISAB,1.1231040766135503
CC_LEUKEMIAS,0.039108087463725495
CC_LIVER,2.0012468959462795
CC_LUNG_CANCER,1.0680125230282944
CC_MIGRAINE,0.6989961111350562
CC_MOBILITY_IMPAIR,0.6483318759021547
CC_MULTIPLE_SCLEROSIS,0.4714698830740647
CC_MUSCULAR_DYSTROPHY,0.44813694020180933
CC_OBESITY,0.9245648550098786
CC_OSTEOPOROSIS,1.12868518934132
CC_PERIPHERAL,0.6466987225749958
CC_PERSONALITY,2.7505001011197114
CC_PRESSURE,0.5174899464909795
CC_PROSTATE_CANCER,0.8254124066874275
CC_PTSD,1.0851400518924126
CC_SCHIZOPHRENIA,1.0002105422718601
CC_SCHIZOPHRENIA_OTHER,0.9571195710941
CC_SPINAL_CORD,1.1681706577420918
CC_SPINA_BIFIDA,4.598193418871762
CC_STROKE,0.6115701093904127
CC_TOBACCO,0.9987890300490612
CC_TRAUMATIC_BRAIN,0.31019551660576333
CC_VISUAL_IMPAIR,0.911335832073906
LOB,1.0013044512916924
PREGNANCY,0.32607594838088
IP_BIN,0.6700982402074364
ER_BIN,0.6854770104861221
ACUTE,0.6672893279425284
IP_C,1.2796132980149977
ER_C,10.23584414792288
ACUTE_C,5.8177739890433395
IP_BIN6,0.6405392306036726
ER_BIN6,0.6531211982039457
ACUTE6,0.6383877342612839
IP_BIN2,0.6730694205130681
ER_BIN2,0.6763286294732164
ACUTE2,0.662430989739366
HasPast,0.7631565746897432
