,Coefficient,Standard Error,z-statistic,p-value
Age,-0.122,0.157,-0.779,0.436
Total Cost,0.065,0.009,6.871,0.0
Gender,0.057,0.048,1.176,0.239
Tobacco Use,0.021,0.072,0.295,0.768
Pressure,-0.458,0.258,-1.778,0.075
Obesity,-0.125,0.053,-2.344,0.019
Hypertension,0.013,0.06,0.215,0.83
Hypothyroid,-0.091,0.083,-1.102,0.271
Disease Count,1.902,0.211,9.01,0.0
Acute Care 2 Months,1.281,0.089,14.332,0.0
Acute Care 6 Months,0.43,0.189,2.281,0.023
Inpatient Visits 6 Months,-0.268,0.159,-1.679,0.093
Emergency Vistits 6 Months,-0.029,0.174,-0.169,0.866
Line of Bussiness,-0.551,0.064,-8.606,0.0
Treatment,-0.124,0.067,-1.847,0.065
