,Coefficient,Standard Error,z-statistic,p-value
Age,-0.203,0.185,-1.098,0.272
Total Cost,0.052,0.011,4.744,0.0
Gender,-0.046,0.055,-0.847,0.397
Tobacco Use,-0.048,0.078,-0.617,0.538
Pressure,0.305,0.259,1.178,0.239
Obesity,-0.016,0.058,-0.273,0.785
Hypertension,0.133,0.067,1.971,0.049
Hypothyroid,-0.133,0.089,-1.486,0.137
Disease Count,1.729,0.234,7.399,0.0
Acute Care 2 Months,1.499,0.103,14.616,0.0
Acute Care 6 Months,0.475,0.183,2.589,0.01
Inpatient Visits 6 Months,-0.188,0.14,-1.34,0.18
Emergency Vistits 6 Months,-0.133,0.171,-0.776,0.438
Line of Bussiness,-0.607,0.071,-8.604,0.0
Treatment,-0.343,0.077,-4.466,0.0
