,Coefficient,Standard Error,z-statistic,p-value
Age,1.425,0.552,2.58,0.01
Total Cost,-0.01,0.03,-0.329,0.742
Gender,0.112,0.156,0.716,0.474
Tobacco Use,-0.333,0.275,-1.208,0.227
Pressure,0.09,0.729,0.124,0.902
Obesity,0.719,0.16,4.496,0.0
Hypertension,0.292,0.185,1.578,0.115
Hypothyroid,-0.046,0.243,-0.188,0.851
Disease Count,1.192,0.662,1.8,0.072
Acute Care 2 Months,-0.412,0.441,-0.933,0.351
Acute Care 6 Months,0.407,0.723,0.563,0.573
Inpatient Visits 6 Months,-0.037,0.643,-0.057,0.955
Emergency Vistits 6 Months,-0.273,0.688,-0.397,0.691
Line of Bussiness,-0.439,0.237,-1.854,0.064
Treatment,0.091,0.193,0.472,0.637
