,Coefficient,Standard Error,z-statistic,p-value
Age,-0.651,0.207,-3.144,0.002
Total Cost,0.021,0.012,1.726,0.084
Gender,-0.092,0.063,-1.464,0.143
Tobacco Use,0.098,0.085,1.155,0.248
Pressure,-0.089,0.386,-0.231,0.817
Obesity,-0.039,0.066,-0.588,0.556
Hypertension,0.033,0.078,0.426,0.67
Hypothyroid,-0.141,0.105,-1.339,0.181
Disease Count,1.817,0.27,6.719,0.0
Acute Care 2 Months,1.349,0.121,11.19,0.0
Acute Care 6 Months,-0.122,0.224,-0.547,0.584
Inpatient Visits 6 Months,-0.221,0.166,-1.335,0.182
Emergency Vistits 6 Months,0.588,0.208,2.82,0.005
Line of Bussiness,-0.689,0.078,-8.871,0.0
Treatment,-0.323,0.088,-3.657,0.0
