,Coefficient,Standard Error,z-statistic,p-value
Age,1.321,0.317,4.169,0.0
Total Cost,0.125,0.019,6.43,0.0
Gender,0.135,0.086,1.576,0.115
Tobacco Use,-0.191,0.131,-1.458,0.145
Pressure,0.44,0.283,1.557,0.12
Obesity,0.008,0.091,0.089,0.929
Hypertension,0.29,0.106,2.744,0.006
Hypothyroid,-0.038,0.126,-0.306,0.76
Disease Count,1.821,0.338,5.391,0.0
Acute Care 2 Months,1.194,0.144,8.265,0.0
Acute Care 6 Months,-0.189,0.225,-0.839,0.401
Inpatient Visits 6 Months,0.884,0.171,5.178,0.0
Emergency Vistits 6 Months,-0.038,0.194,-0.194,0.846
Line of Bussiness,-0.403,0.129,-3.119,0.002
Treatment,-0.262,0.125,-2.107,0.035
