,0
MBR_GNDR,0.028212150549397002
AGE_AT_MIDMONTH,0.034821521819004
ALLOW_AMT,0.013354492077776173
ALLOW_ER,0.017576953417179225
ALLOW_IP,0.015050746254049611
CC_ADHD,0.08779583077375656
CC_ALZHEIMER,0.023079367707470804
CC_ALZHEIMER_PLUS,0.05663159438968661
CC_AMI,0.016750315953274742
CC_ANEMIA,0.12640765319338537
CC_ANXIETY_DISORDER,0.10104864585995679
CC_ARTHRITIS,0.05293166802840098
CC_ASTHMA,0.13103245316436635
CC_ATRIAL_FIB,0.14035693576535632
CC_AUTISM,0.020443683373294733
CC_BIPOLAR,0.1605118184756762
CC_BPH,0.0020791517681869407
CC_BREAST_CANCER,0.1751692626672903
CC_CATARACT,0.08466222346937563
CC_CEREBRAL_PALSY,0.006832949811482253
CC_CHRONIC_KIDNEY,0.14117335295690797
CC_COLORECTAL_CANCER,0.046958533787946316
CC_COPD,0.06658535684769339
CC_CYSTIC_FIBROSIS,0.0016206679137195084
CC_DEPRESSION,0.14228571752479707
CC_DEPRESSIVE_DISORDERS,0.034752299641086976
CC_DEVELOP_DELAYS,0.016861280933533757
CC_DIABETES,0.10144407568374798
CC_DISAB_DX_CNT,0.05562805441997413
CC_DX_CNT,0.02088441423722329
CC_ENDOMETRIAL_CANCER,0.06111030952874062
CC_EPILEPSY,0.024800076094024532
CC_FIBROMYALGIA,0.03905839620084086
CC_GLAUCOMA,0.12188245976415542
CC_HEARING_IMPAIR,0.02369597368146946
CC_HEART_FAILURE,0.15000607484866324
CC_HEPATITIS_A,0.00652703137937601
CC_HEPATITIS_B_ACUTE,0.009899874744643726
CC_HEPATITIS_B_CHRONIC,0.00025535518768735293
CC_HEPATITIS_C_ACUTE,0.020642264273419263
CC_HEPATITIS_C_CHRONIC,0.050073497519186536
CC_HEPATITIS_C_UNSPECIFIED,0.03260499696786452
CC_HEPATITIS_D,
CC_HEPATITIS_E,
CC_HEPATITIS_GEN,0.05296551655994272
CC_HIP_FRACTURE,0.036352589800909406
CC_HYPERLIPIDEMIA,0.06277577461198246
CC_HYPERTENSION,0.0355560155877523
CC_HYPOTHYROID,0.06006816870225459
CC_INT_DISAB,0.020073419790410996
CC_ISCHEMIC,0.26487990733330846
CC_LEARN_DISAB,0.024433760067350117
CC_LEUKEMIAS,0.04588891418708144
CC_LIVER,0.04762500389805144
CC_LUNG_CANCER,0.00893044123785394
CC_MIGRAINE,0.14850359308638425
CC_MOBILITY_IMPAIR,0.027928421390099538
CC_MULTIPLE_SCLEROSIS,0.11282400378055266
CC_MUSCULAR_DYSTROPHY,
CC_OBESITY,0.32977779467010526
CC_OSTEOPOROSIS,0.01756611571716329
CC_PERIPHERAL,0.1816117796008702
CC_PERSONALITY,0.06801517037791288
CC_PRESSURE,0.08469670073152472
CC_PROSTATE_CANCER,0.027833889385002707
CC_PTSD,0.07263098472130891
CC_SCHIZOPHRENIA,0.04950399034574681
CC_SCHIZOPHRENIA_OTHER,0.01728400906168519
CC_SPINAL_CORD,0.025379193618706587
CC_SPINA_BIFIDA,0.029899787562828444
CC_STROKE,0.03700378451692105
CC_TOBACCO,0.1913113108092033
CC_TRAUMATIC_BRAIN,0.014907094327875818
CC_VISUAL_IMPAIR,0.016988905949247502
LOB,0.4430872270567531
PREGNANCY,0.030259819641100992
IP_BIN,0.03992030651390844
ER_BIN,0.06140482193656425
ACUTE,0.0702135268096131
IP_C,0.08379805924919013
ER_C,0.09512304736170658
ACUTE_C,0.10793046350499884
IP_BIN6,0.08498984162783296
ER_BIN6,0.11379072386289135
ACUTE6,0.13279004748837892
IP_BIN2,0.0548732370799587
ER_BIN2,0.08151309818907318
ACUTE2,0.09360946007378151
