,0
MBR_GNDR,0.5489289087744514
AGE_AT_MIDMONTH,0.027952998217629414
ALLOW_AMT,0.017373869767432146
ALLOW_ER,0.013898510306238107
ALLOW_IP,0.024535100149192406
CC_ADHD,0.013664909862901876
CC_ALZHEIMER,0.11639219082696242
CC_ALZHEIMER_PLUS,0.19243713630552098
CC_AMI,0.04998058425684311
CC_ANEMIA,0.03644288992302111
CC_ANXIETY_DISORDER,0.1299368335419333
CC_ARTHRITIS,0.04609441092332444
CC_ASTHMA,0.09083627575438065
CC_ATRIAL_FIB,0.13355525657764045
CC_AUTISM,0.09574142584239323
CC_BIPOLAR,0.02858506797193668
CC_BPH,0.13196568002097872
CC_BREAST_CANCER,0.07696736620319558
CC_CATARACT,0.026748408251963243
CC_CEREBRAL_PALSY,0.01754616028172952
CC_CHRONIC_KIDNEY,0.24393404116905526
CC_COLORECTAL_CANCER,0.04668668230620961
CC_COPD,0.1297769571230194
CC_CYSTIC_FIBROSIS,0.02458779475502731
CC_DEPRESSION,0.07350964937888715
CC_DEPRESSIVE_DISORDERS,0.06005617310154792
CC_DEVELOP_DELAYS,0.03963140038099411
CC_DIABETES,0.3669308578886346
CC_DISAB_DX_CNT,0.10591566929226642
CC_DX_CNT,0.014868881368324587
CC_ENDOMETRIAL_CANCER,0.016377011220784287
CC_EPILEPSY,0.05728016242179758
CC_FIBROMYALGIA,0.024960815836623594
CC_GLAUCOMA,0.05263335546944537
CC_HEARING_IMPAIR,0.03724080053647722
CC_HEART_FAILURE,0.11585053583902837
CC_HEPATITIS_A,0.013630056179564757
CC_HEPATITIS_B_ACUTE,0.00380185347886948
CC_HEPATITIS_B_CHRONIC,0.019678414126297797
CC_HEPATITIS_C_ACUTE,0.024303177876561454
CC_HEPATITIS_C_CHRONIC,0.06653421900204932
CC_HEPATITIS_C_UNSPECIFIED,0.046992517891294786
CC_HEPATITIS_D,0.005424943563236212
CC_HEPATITIS_E,0.003683329948405824
CC_HEPATITIS_GEN,0.07181392710589511
CC_HIP_FRACTURE,0.05754291419615447
CC_HYPERLIPIDEMIA,0.05943570593758679
CC_HYPERTENSION,0.007453824888636451
CC_HYPOTHYROID,0.05996096825150577
CC_INT_DISAB,0.06634730149979064
CC_ISCHEMIC,0.13870619145212498
CC_LEARN_DISAB,0.04746793640435696
CC_LEUKEMIAS,0.003383727915174257
CC_LIVER,0.04639477866536468
CC_LUNG_CANCER,0.045880854806749326
CC_MIGRAINE,0.18951076780909915
CC_MOBILITY_IMPAIR,0.057199696943028656
CC_MULTIPLE_SCLEROSIS,0.05992069936950493
CC_MUSCULAR_DYSTROPHY,0.02884609043426383
CC_OBESITY,0.5351175714842201
CC_OSTEOPOROSIS,0.06882730645080684
CC_PERIPHERAL,0.17454176211880743
CC_PERSONALITY,0.013941747248221076
CC_PRESSURE,0.12212081162683905
CC_PROSTATE_CANCER,0.09190216888791156
CC_PTSD,0.03328203972127208
CC_SCHIZOPHRENIA,0.07696189768137938
CC_SCHIZOPHRENIA_OTHER,0.11252326339538297
CC_SPINAL_CORD,0.046750367968062125
CC_SPINA_BIFIDA,0.01127481204131954
CC_STROKE,0.05738333788031467
CC_TOBACCO,0.1399719477906061
CC_TRAUMATIC_BRAIN,0.011815608353954376
CC_VISUAL_IMPAIR,0.04431260094086979
LOB,0.47582508130157164
PREGNANCY,0.039022889923753294
IP_BIN,0.07485697940818116
ER_BIN,0.07893244796185805
ACUTE,0.10182217229001754
IP_C,0.024284758244789987
ER_C,0.061639737457166784
ACUTE_C,0.048533874866239585
IP_BIN6,0.1297855534961183
ER_BIN6,0.11132204204502114
ACUTE6,0.14968037112579877
IP_BIN2,0.09678340584286228
ER_BIN2,0.09758409311301859
ACUTE2,0.12666770735515445
