,0
MBR_GNDR,0.051394907607223594
AGE_AT_MIDMONTH,1.245716883316035
ALLOW_AMT,0.7686538610304068
ALLOW_ER,1.2646645597183255
ALLOW_IP,0.6134373270347144
CC_ADHD,6.424911079150892
CC_ALZHEIMER,0.1982896579529323
CC_ALZHEIMER_PLUS,0.29428620419593027
CC_AMI,0.3351364575331343
CC_ANEMIA,3.46865063282298
CC_ANXIETY_DISORDER,0.7776751449568479
CC_ARTHRITIS,1.1483315865875787
CC_ASTHMA,1.4425123891987306
CC_ATRIAL_FIB,1.0509278283911034
CC_AUTISM,0.21353017456569462
CC_BIPOLAR,5.615233052209576
CC_BPH,0.01575524612047932
CC_BREAST_CANCER,2.2758900467613703
CC_CATARACT,3.1651312733034014
CC_CEREBRAL_PALSY,0.3894270713232497
CC_CHRONIC_KIDNEY,0.578735761029227
CC_COLORECTAL_CANCER,1.005822891418021
CC_COPD,0.5130753434492624
CC_CYSTIC_FIBROSIS,0.06591351236930838
CC_DEPRESSION,1.9356059881529406
CC_DEPRESSIVE_DISORDERS,0.5786632388701313
CC_DEVELOP_DELAYS,0.4254525646693994
CC_DIABETES,0.27646646092255556
CC_DISAB_DX_CNT,0.5252108096156447
CC_DX_CNT,1.4045719862769024
CC_ENDOMETRIAL_CANCER,3.731468990580204
CC_EPILEPSY,0.43296099461804305
CC_FIBROMYALGIA,1.5647884450768905
CC_GLAUCOMA,2.315688571953396
CC_HEARING_IMPAIR,0.6362906634689376
CC_HEART_FAILURE,1.2948241780866099
CC_HEPATITIS_A,0.4788704678387052
CC_HEPATITIS_B_ACUTE,2.603960094639827
CC_HEPATITIS_B_CHRONIC,0.012976410906308853
CC_HEPATITIS_C_ACUTE,0.8493648188012128
CC_HEPATITIS_C_CHRONIC,0.7525976598244013
CC_HEPATITIS_C_UNSPECIFIED,0.6938337937815521
CC_HEPATITIS_D,
CC_HEPATITIS_E,
CC_HEPATITIS_GEN,0.7375382282303129
CC_HIP_FRACTURE,0.6317474585487506
CC_HYPERLIPIDEMIA,1.0561963321829315
CC_HYPERTENSION,4.770170498901627
CC_HYPOTHYROID,1.0017878372193587
CC_INT_DISAB,0.3025506589815765
CC_ISCHEMIC,1.9096473240326324
CC_LEARN_DISAB,0.5147424117874103
CC_LEUKEMIAS,13.561644238974877
CC_LIVER,1.0265164587067028
CC_LUNG_CANCER,0.19464417730378084
CC_MIGRAINE,0.783615595056726
CC_MOBILITY_IMPAIR,0.4882617021190945
CC_MULTIPLE_SCLEROSIS,1.8828886339396012
CC_MUSCULAR_DYSTROPHY,
CC_OBESITY,0.6162716611144397
CC_OSTEOPOROSIS,0.2552201534970481
CC_PERIPHERAL,1.0405061653797807
CC_PERSONALITY,4.878525565480425
CC_PRESSURE,0.6935484591302088
CC_PROSTATE_CANCER,0.3028643363025556
CC_PTSD,2.182287664144788
CC_SCHIZOPHRENIA,0.6432272570862568
CC_SCHIZOPHRENIA_OTHER,0.15360387301382147
CC_SPINAL_CORD,0.5428661788511393
CC_SPINA_BIFIDA,2.651910067613787
CC_STROKE,0.6448524237837198
CC_TOBACCO,1.3667832292753357
CC_TRAUMATIC_BRAIN,1.261644248972318
CC_VISUAL_IMPAIR,0.38338769534014255
LOB,0.9311977120767416
PREGNANCY,0.7754376905509961
IP_BIN,0.5332877018217693
ER_BIN,0.7779414362802538
ACUTE,0.6895701125843757
IP_C,3.4506441614327388
ER_C,1.543209807274199
ACUTE_C,2.223817154563849
IP_BIN6,0.6548482426464736
ER_BIN6,1.0221760378494658
ACUTE6,0.8871573907094045
IP_BIN2,0.5669694778984218
ER_BIN2,0.8353113257369464
ACUTE2,0.7390159814870313
