,Coefficient,Standard Error,z-statistic,p-value
Age,1.447,0.457,3.166,0.002
Total Cost,0.006,0.028,0.23,0.818
Gender,0.264,0.164,1.609,0.108
Tobacco Use,0.179,0.228,0.785,0.433
Pressure,0.8,0.602,1.329,0.184
Obesity,0.342,0.152,2.248,0.025
Hypertension,0.159,0.167,0.951,0.342
Hypothyroid,-0.271,0.249,-1.086,0.277
Disease Count,1.722,0.629,2.74,0.006
Acute Care 2 Months,0.56,0.374,1.495,0.135
Acute Care 6 Months,-1.471,1.005,-1.464,0.143
Inpatient Visits 6 Months,0.161,0.772,0.209,0.834
Emergency Vistits 6 Months,1.515,0.971,1.56,0.119
Line of Bussiness,-0.369,0.317,-1.167,0.243
Treatment,-0.071,0.184,-0.385,0.7
