,Coefficient,Standard Error,z-statistic,p-value
Age,0.479,0.294,1.627,0.104
Total Cost,0.101,0.02,5.1,0.0
Gender,0.307,0.108,2.855,0.004
Tobacco Use,0.061,0.144,0.422,0.673
Pressure,0.68,0.392,1.733,0.083
Obesity,0.149,0.098,1.517,0.129
Hypertension,0.045,0.109,0.411,0.681
Hypothyroid,-0.25,0.155,-1.616,0.106
Disease Count,2.634,0.363,7.252,0.0
Acute Care 2 Months,1.048,0.176,5.945,0.0
Acute Care 6 Months,-0.307,0.332,-0.924,0.355
Inpatient Visits 6 Months,0.865,0.315,2.747,0.006
Emergency Vistits 6 Months,0.211,0.3,0.704,0.481
Line of Bussiness,-0.142,0.196,-0.724,0.469
Treatment,-0.229,0.124,-1.845,0.065
