,Coefficient,Standard Error,z-statistic,p-value
Age,-0.435,0.181,-2.404,0.016
Total Cost,0.06,0.011,5.618,0.0
Gender,-0.033,0.055,-0.605,0.545
Tobacco Use,0.057,0.077,0.751,0.453
Pressure,0.458,0.232,1.972,0.049
Obesity,-0.019,0.056,-0.339,0.734
Hypertension,0.132,0.066,2.016,0.044
Hypothyroid,-0.01,0.089,-0.114,0.909
Disease Count,1.586,0.238,6.655,0.0
Acute Care 2 Months,1.543,0.096,16.032,0.0
Acute Care 6 Months,0.814,0.162,5.03,0.0
Inpatient Visits 6 Months,-0.489,0.143,-3.426,0.001
Emergency Vistits 6 Months,-0.479,0.156,-3.077,0.002
Line of Bussiness,-0.574,0.069,-8.288,0.0
Treatment,-0.366,0.077,-4.787,0.0
