,Coefficient,Standard Error,z-statistic,p-value
Age,2.026,0.527,3.842,0.0
Total Cost,0.072,0.029,2.501,0.012
Gender,0.429,0.141,3.041,0.002
Tobacco Use,0.122,0.216,0.564,0.573
Pressure,-0.938,1.013,-0.926,0.354
Obesity,0.655,0.146,4.481,0.0
Hypertension,0.117,0.163,0.717,0.473
Hypothyroid,-0.074,0.234,-0.315,0.752
Disease Count,1.141,0.637,1.792,0.073
Acute Care 2 Months,0.177,0.315,0.561,0.575
Acute Care 6 Months,-0.261,0.548,-0.475,0.635
Inpatient Visits 6 Months,0.139,0.439,0.317,0.751
Emergency Vistits 6 Months,0.251,0.514,0.488,0.625
Line of Bussiness,-0.624,0.208,-3.003,0.003
Treatment,1.038,0.149,6.953,0.0
