,Coefficient,Standard Error,z-statistic,p-value
Age,-1.222,0.205,-5.973,0.0
Total Cost,0.037,0.012,3.122,0.002
Gender,-0.049,0.063,-0.777,0.437
Tobacco Use,0.176,0.084,2.108,0.035
Pressure,0.609,0.286,2.127,0.033
Obesity,-0.02,0.064,-0.315,0.753
Hypertension,0.08,0.076,1.043,0.297
Hypothyroid,-0.009,0.105,-0.082,0.935
Disease Count,1.637,0.278,5.878,0.0
Acute Care 2 Months,1.404,0.106,13.306,0.0
Acute Care 6 Months,0.284,0.197,1.442,0.149
Inpatient Visits 6 Months,-0.621,0.153,-4.07,0.0
Emergency Vistits 6 Months,0.155,0.186,0.832,0.405
Line of Bussiness,-0.65,0.076,-8.542,0.0
Treatment,-0.325,0.088,-3.694,0.0
