,Coefficient,Standard Error,z-statistic,p-value
Age,1.501,0.308,4.874,0.0
Total Cost,0.097,0.019,5.2,0.0
Gender,0.061,0.086,0.715,0.475
Tobacco Use,0.033,0.125,0.268,0.789
Pressure,-0.188,0.291,-0.646,0.518
Obesity,0.037,0.088,0.424,0.672
Hypertension,0.199,0.103,1.931,0.054
Hypothyroid,-0.118,0.138,-0.856,0.392
Disease Count,2.027,0.335,6.061,0.0
Acute Care 2 Months,1.065,0.149,7.153,0.0
Acute Care 6 Months,0.517,0.183,2.824,0.005
Inpatient Visits 6 Months,0.298,0.16,1.865,0.062
Emergency Vistits 6 Months,-0.664,0.16,-4.146,0.0
Line of Bussiness,-0.29,0.127,-2.294,0.022
Treatment,-0.31,0.124,-2.499,0.012
