,Coefficient,Standard Error,z-statistic,p-value
Age,-0.658,0.172,-3.837,0.0
Total Cost,0.047,0.011,4.213,0.0
Gender,0.004,0.07,0.054,0.957
Tobacco Use,0.078,0.087,0.893,0.372
Pressure,0.365,0.34,1.074,0.283
Obesity,0.091,0.06,1.515,0.13
Hypertension,0.146,0.067,2.175,0.03
Hypothyroid,-0.163,0.095,-1.724,0.085
Disease Count,1.841,0.25,7.378,0.0
Acute Care 2 Months,1.342,0.113,11.894,0.0
Acute Care 6 Months,0.352,0.24,1.466,0.143
Inpatient Visits 6 Months,-0.183,0.221,-0.829,0.407
Emergency Vistits 6 Months,0.062,0.228,0.271,0.786
Line of Bussiness,-0.399,0.109,-3.653,0.0
Treatment,-0.32,0.076,-4.219,0.0
