,Coefficient,Standard Error,z-statistic,p-value
Age,1.573,0.416,3.782,0.0
Total Cost,0.003,0.026,0.098,0.922
Gender,0.254,0.15,1.693,0.091
Tobacco Use,-0.032,0.219,-0.146,0.884
Pressure,0.366,0.601,0.609,0.542
Obesity,0.319,0.139,2.304,0.021
Hypertension,-0.078,0.152,-0.51,0.61
Hypothyroid,-0.126,0.209,-0.604,0.546
Disease Count,2.571,0.554,4.639,0.0
Acute Care 2 Months,0.629,0.323,1.945,0.052
Acute Care 6 Months,-1.593,0.76,-2.096,0.036
Inpatient Visits 6 Months,0.6,0.569,1.054,0.292
Emergency Vistits 6 Months,1.599,0.724,2.209,0.027
Line of Bussiness,-0.43,0.278,-1.544,0.123
Treatment,0.73,0.138,5.289,0.0
