,Coefficient,Standard Error,z-statistic,p-value
Age,-0.54,0.17,-3.183,0.001
Total Cost,0.083,0.011,7.429,0.0
Gender,-0.026,0.07,-0.377,0.707
Tobacco Use,0.012,0.086,0.143,0.886
Pressure,0.553,0.342,1.618,0.106
Obesity,0.122,0.06,2.029,0.042
Hypertension,0.105,0.068,1.547,0.122
Hypothyroid,-0.183,0.095,-1.928,0.054
Disease Count,1.414,0.258,5.474,0.0
Acute Care 2 Months,1.479,0.115,12.877,0.0
Acute Care 6 Months,0.517,0.262,1.974,0.048
Inpatient Visits 6 Months,-0.393,0.241,-1.629,0.103
Emergency Vistits 6 Months,-0.098,0.251,-0.39,0.697
Line of Bussiness,-0.304,0.112,-2.704,0.007
Treatment,-0.382,0.076,-5.021,0.0
