,Coefficient,Standard Error,z-statistic,p-value
Age,0.993,0.433,2.292,0.022
Total Cost,0.034,0.028,1.195,0.232
Gender,0.256,0.159,1.608,0.108
Tobacco Use,-0.019,0.222,-0.087,0.931
Pressure,-14.433,1063.136,-0.014,0.989
Obesity,0.548,0.147,3.722,0.0
Hypertension,0.254,0.161,1.576,0.115
Hypothyroid,0.044,0.212,0.209,0.834
Disease Count,2.088,0.616,3.389,0.001
Acute Care 2 Months,0.788,0.336,2.342,0.019
Acute Care 6 Months,-0.754,0.798,-0.946,0.344
Inpatient Visits 6 Months,0.363,0.659,0.552,0.581
Emergency Vistits 6 Months,0.52,0.738,0.704,0.482
Line of Bussiness,-0.646,0.264,-2.443,0.015
Treatment,0.784,0.142,5.535,0.0
