,Coefficient,Standard Error,z-statistic,p-value
Age,0.457,0.288,1.589,0.112
Total Cost,0.137,0.02,6.912,0.0
Gender,0.253,0.106,2.379,0.017
Tobacco Use,-0.019,0.142,-0.132,0.895
Pressure,0.333,0.463,0.72,0.472
Obesity,0.326,0.096,3.374,0.001
Hypertension,0.122,0.109,1.124,0.261
Hypothyroid,-0.175,0.155,-1.125,0.26
Disease Count,1.723,0.387,4.453,0.0
Acute Care 2 Months,1.106,0.183,6.057,0.0
Acute Care 6 Months,0.135,0.372,0.364,0.716
Inpatient Visits 6 Months,0.449,0.353,1.273,0.203
Emergency Vistits 6 Months,-0.256,0.343,-0.748,0.454
Line of Bussiness,-0.438,0.182,-2.406,0.016
Treatment,-0.344,0.123,-2.785,0.005
