,Coefficient,Standard Error,z-statistic,p-value
Age,-0.447,0.191,-2.339,0.019
Total Cost,0.079,0.013,6.312,0.0
Gender,0.076,0.075,1.006,0.314
Tobacco Use,-0.058,0.099,-0.589,0.556
Pressure,0.753,0.365,2.065,0.039
Obesity,0.166,0.066,2.521,0.012
Hypertension,0.133,0.073,1.816,0.069
Hypothyroid,-0.257,0.106,-2.428,0.015
Disease Count,1.628,0.281,5.783,0.0
Acute Care 2 Months,1.53,0.12,12.772,0.0
Acute Care 6 Months,0.056,0.249,0.224,0.823
Inpatient Visits 6 Months,0.175,0.225,0.777,0.437
Emergency Vistits 6 Months,0.3,0.237,1.264,0.206
Line of Bussiness,-0.259,0.12,-2.157,0.031
Treatment,-0.213,0.077,-2.759,0.006
