,Coefficient,Standard Error,z-statistic,p-value
Age,-0.406,0.184,-2.21,0.027
Total Cost,0.077,0.012,6.439,0.0
Gender,0.119,0.073,1.633,0.102
Tobacco Use,-0.079,0.099,-0.796,0.426
Pressure,0.798,0.345,2.314,0.021
Obesity,0.095,0.064,1.478,0.139
Hypertension,0.041,0.072,0.567,0.571
Hypothyroid,-0.198,0.102,-1.934,0.053
Disease Count,1.904,0.275,6.923,0.0
Acute Care 2 Months,1.563,0.117,13.403,0.0
Acute Care 6 Months,-0.002,0.26,-0.007,0.995
Inpatient Visits 6 Months,0.093,0.233,0.401,0.689
Emergency Vistits 6 Months,0.384,0.248,1.551,0.121
Line of Bussiness,-0.302,0.115,-2.619,0.009
Treatment,0.007,0.069,0.101,0.92
