,Coefficient,Standard Error,z-statistic,p-value
Age,1.839,0.45,4.086,0.0
Total Cost,0.06,0.029,2.104,0.035
Gender,0.257,0.158,1.625,0.104
Tobacco Use,-0.039,0.242,-0.162,0.871
Pressure,0.357,0.734,0.487,0.626
Obesity,0.359,0.149,2.412,0.016
Hypertension,0.146,0.16,0.911,0.362
Hypothyroid,-0.022,0.216,-0.101,0.919
Disease Count,1.474,0.659,2.237,0.025
Acute Care 2 Months,0.541,0.322,1.679,0.093
Acute Care 6 Months,-0.745,0.8,-0.932,0.352
Inpatient Visits 6 Months,0.518,0.652,0.794,0.427
Emergency Vistits 6 Months,0.776,0.757,1.025,0.305
Line of Bussiness,-0.458,0.291,-1.574,0.115
Treatment,0.808,0.142,5.704,0.0
