,Coefficient,Standard Error,z-statistic,p-value
Age,-0.61,0.216,-2.819,0.005
Total Cost,0.048,0.014,3.461,0.001
Gender,-0.084,0.09,-0.932,0.351
Tobacco Use,0.072,0.108,0.665,0.506
Pressure,0.953,0.39,2.439,0.015
Obesity,0.154,0.075,2.05,0.04
Hypertension,0.157,0.084,1.881,0.06
Hypothyroid,-0.323,0.125,-2.589,0.01
Disease Count,1.153,0.317,3.636,0.0
Acute Care 2 Months,1.431,0.134,10.714,0.0
Acute Care 6 Months,-0.293,0.306,-0.958,0.338
Inpatient Visits 6 Months,0.072,0.247,0.293,0.769
Emergency Vistits 6 Months,0.782,0.29,2.696,0.007
Line of Bussiness,-0.384,0.13,-2.954,0.003
Treatment,-0.2,0.089,-2.253,0.024
