,Coefficient,Standard Error,z-statistic,p-value
Age,0.437,0.321,1.361,0.173
Total Cost,0.142,0.022,6.347,0.0
Gender,0.348,0.116,3.007,0.003
Tobacco Use,-0.246,0.168,-1.464,0.143
Pressure,0.898,0.431,2.085,0.037
Obesity,0.248,0.107,2.326,0.02
Hypertension,0.018,0.118,0.15,0.881
Hypothyroid,-0.143,0.159,-0.897,0.37
Disease Count,2.766,0.419,6.605,0.0
Acute Care 2 Months,1.169,0.189,6.175,0.0
Acute Care 6 Months,-0.907,0.337,-2.689,0.007
Inpatient Visits 6 Months,1.486,0.309,4.803,0.0
Emergency Vistits 6 Months,0.719,0.304,2.364,0.018
Line of Bussiness,-0.036,0.208,-0.174,0.862
Treatment,-0.209,0.126,-1.654,0.098
