,Coefficient,Standard Error,z-statistic,p-value
Age,-0.343,0.158,-2.164,0.03
Total Cost,0.074,0.009,7.869,0.0
Gender,-0.178,0.048,-3.675,0.0
Tobacco Use,0.126,0.073,1.713,0.087
Pressure,-0.388,0.245,-1.583,0.113
Obesity,-0.114,0.051,-2.209,0.027
Hypertension,-0.035,0.061,-0.575,0.565
Hypothyroid,-0.121,0.086,-1.398,0.162
Disease Count,1.828,0.255,7.162,0.0
Acute Care 2 Months,1.275,0.09,14.217,0.0
Acute Care 6 Months,0.57,0.167,3.408,0.001
Inpatient Visits 6 Months,-0.357,0.136,-2.635,0.008
Emergency Vistits 6 Months,-0.102,0.15,-0.679,0.497
Line of Bussiness,-0.544,0.062,-8.808,0.0
Treatment,-0.271,0.065,-4.146,0.0
