,Coefficient,Standard Error,z-statistic,p-value
Age,-0.602,0.164,-3.679,0.0
Total Cost,0.083,0.01,8.598,0.0
Gender,-0.117,0.049,-2.398,0.017
Tobacco Use,0.025,0.071,0.358,0.721
Pressure,0.303,0.205,1.474,0.14
Obesity,-0.119,0.054,-2.219,0.027
Hypertension,0.223,0.061,3.646,0.0
Hypothyroid,-0.117,0.089,-1.31,0.19
Disease Count,1.24,0.242,5.114,0.0
Acute Care 2 Months,1.433,0.085,16.852,0.0
Acute Care 6 Months,0.662,0.143,4.613,0.0
Inpatient Visits 6 Months,-0.341,0.115,-2.98,0.003
Emergency Vistits 6 Months,-0.32,0.128,-2.495,0.013
Line of Bussiness,-0.634,0.061,-10.396,0.0
Treatment,-0.373,0.07,-5.336,0.0
