,Coefficient,Standard Error,z-statistic,p-value
Age,3.074,0.458,6.718,0.0
Total Cost,0.007,0.024,0.298,0.766
Gender,0.277,0.121,2.286,0.022
Tobacco Use,-0.148,0.211,-0.703,0.482
Pressure,0.297,0.518,0.572,0.567
Obesity,0.475,0.129,3.677,0.0
Hypertension,0.098,0.146,0.673,0.501
Hypothyroid,-0.461,0.234,-1.971,0.049
Disease Count,1.002,0.643,1.557,0.12
Acute Care 2 Months,0.672,0.291,2.306,0.021
Acute Care 6 Months,0.005,0.764,0.006,0.995
Inpatient Visits 6 Months,-0.609,0.678,-0.898,0.369
Emergency Vistits 6 Months,-0.06,0.737,-0.081,0.935
Line of Bussiness,-0.695,0.18,-3.865,0.0
Treatment,0.904,0.133,6.8,0.0
