,Coefficient,Standard Error,z-statistic,p-value
Age,-0.781,0.19,-4.115,0.0
Total Cost,0.049,0.011,4.546,0.0
Gender,-0.077,0.056,-1.367,0.172
Tobacco Use,0.112,0.079,1.413,0.158
Pressure,0.086,0.285,0.303,0.762
Obesity,-0.111,0.062,-1.804,0.071
Hypertension,0.191,0.072,2.665,0.008
Hypothyroid,-0.239,0.11,-2.174,0.03
Disease Count,1.59,0.281,5.664,0.0
Acute Care 2 Months,1.329,0.1,13.296,0.0
Acute Care 6 Months,0.063,0.173,0.361,0.718
Inpatient Visits 6 Months,-0.469,0.126,-3.711,0.0
Emergency Vistits 6 Months,0.384,0.154,2.489,0.013
Line of Bussiness,-0.744,0.069,-10.844,0.0
Treatment,-0.276,0.081,-3.426,0.001
