,Coefficient,Standard Error,z-statistic,p-value
Age,0.039,0.25,0.157,0.875
Total Cost,0.118,0.016,7.556,0.0
Gender,-0.108,0.074,-1.462,0.144
Tobacco Use,-0.016,0.106,-0.154,0.878
Pressure,0.52,0.233,2.231,0.026
Obesity,-0.223,0.081,-2.761,0.006
Hypertension,0.205,0.091,2.25,0.024
Hypothyroid,-0.018,0.122,-0.145,0.884
Disease Count,1.798,0.342,5.26,0.0
Acute Care 2 Months,0.805,0.122,6.59,0.0
Acute Care 6 Months,0.108,0.179,0.606,0.545
Inpatient Visits 6 Months,0.517,0.141,3.664,0.0
Emergency Vistits 6 Months,-0.124,0.159,-0.779,0.436
Line of Bussiness,-0.42,0.098,-4.282,0.0
Treatment,-0.429,0.109,-3.941,0.0
