,Coefficient,Standard Error,z-statistic,p-value
Age,-1.251,0.165,-7.576,0.0
Total Cost,0.06,0.011,5.571,0.0
Gender,-0.057,0.069,-0.82,0.412
Tobacco Use,0.051,0.086,0.595,0.552
Pressure,0.459,0.339,1.352,0.176
Obesity,0.04,0.059,0.687,0.492
Hypertension,0.19,0.066,2.889,0.004
Hypothyroid,-0.153,0.093,-1.649,0.099
Disease Count,1.609,0.248,6.493,0.0
Acute Care 2 Months,1.369,0.111,12.297,0.0
Acute Care 6 Months,0.387,0.239,1.618,0.106
Inpatient Visits 6 Months,-0.254,0.22,-1.152,0.249
Emergency Vistits 6 Months,-0.012,0.228,-0.053,0.957
Line of Bussiness,-0.374,0.106,-3.539,0.0
Treatment,-0.372,0.075,-4.973,0.0
