,Coefficient,Standard Error,z-statistic,p-value
Age,-0.566,0.148,-3.818,0.0
Total Cost,0.082,0.01,8.246,0.0
Gender,0.131,0.061,2.167,0.03
Tobacco Use,0.099,0.079,1.259,0.208
Pressure,0.46,0.307,1.498,0.134
Obesity,0.062,0.055,1.131,0.258
Hypertension,0.092,0.061,1.508,0.132
Hypothyroid,-0.105,0.086,-1.222,0.222
Disease Count,1.549,0.232,6.666,0.0
Acute Care 2 Months,1.397,0.096,14.541,0.0
Acute Care 6 Months,0.352,0.19,1.852,0.064
Inpatient Visits 6 Months,-0.245,0.159,-1.537,0.124
Emergency Vistits 6 Months,0.087,0.179,0.485,0.627
Line of Bussiness,-0.549,0.09,-6.082,0.0
Treatment,-0.159,0.066,-2.402,0.016
