,Coefficient,Standard Error,z-statistic,p-value
Age,-0.967,0.193,-5.014,0.0
Total Cost,0.024,0.012,1.949,0.051
Gender,-0.136,0.083,-1.634,0.102
Tobacco Use,0.148,0.096,1.531,0.126
Pressure,0.248,0.453,0.548,0.584
Obesity,0.12,0.069,1.74,0.082
Hypertension,0.183,0.077,2.381,0.017
Hypothyroid,-0.201,0.111,-1.808,0.071
Disease Count,1.265,0.285,4.438,0.0
Acute Care 2 Months,1.152,0.124,9.312,0.0
Acute Care 6 Months,0.064,0.279,0.23,0.818
Inpatient Visits 6 Months,-0.206,0.231,-0.892,0.373
Emergency Vistits 6 Months,0.524,0.263,1.993,0.046
Line of Bussiness,-0.518,0.118,-4.385,0.0
Treatment,-0.344,0.087,-3.953,0.0
