,Coefficient,Standard Error,z-statistic,p-value
Age,-0.738,0.156,-4.731,0.0
Total Cost,0.055,0.01,5.424,0.0
Gender,0.045,0.062,0.715,0.475
Tobacco Use,0.128,0.079,1.616,0.106
Pressure,0.448,0.3,1.49,0.136
Obesity,-0.087,0.056,-1.553,0.12
Hypertension,0.071,0.063,1.13,0.258
Hypothyroid,-0.029,0.088,-0.329,0.742
Disease Count,1.949,0.246,7.938,0.0
Acute Care 2 Months,1.334,0.1,13.293,0.0
Acute Care 6 Months,-0.015,0.219,-0.071,0.944
Inpatient Visits 6 Months,0.031,0.196,0.159,0.873
Emergency Vistits 6 Months,0.57,0.208,2.744,0.006
Line of Bussiness,-0.435,0.093,-4.672,0.0
Treatment,-0.12,0.066,-1.809,0.07
