,Coefficient,Standard Error,z-statistic,p-value
Age,1.59,0.509,3.126,0.002
Total Cost,0.078,0.032,2.464,0.014
Gender,0.016,0.186,0.084,0.933
Tobacco Use,0.106,0.257,0.412,0.68
Pressure,-14.041,1110.554,-0.013,0.99
Obesity,0.537,0.166,3.241,0.001
Hypertension,0.518,0.183,2.827,0.005
Hypothyroid,-0.431,0.298,-1.445,0.148
Disease Count,0.126,0.778,0.162,0.871
Acute Care 2 Months,0.198,0.406,0.489,0.625
Acute Care 6 Months,0.209,1.143,0.183,0.855
Inpatient Visits 6 Months,-0.132,1.051,-0.126,0.9
Emergency Vistits 6 Months,-0.211,1.107,-0.191,0.849
Line of Bussiness,-0.273,0.369,-0.74,0.459
Treatment,0.045,0.187,0.24,0.81
