,Coefficient,Standard Error,z-statistic,p-value
Age,0.229,0.31,0.739,0.46
Total Cost,0.079,0.021,3.831,0.0
Gender,0.029,0.118,0.251,0.802
Tobacco Use,0.221,0.139,1.59,0.112
Pressure,0.408,0.465,0.876,0.381
Obesity,0.075,0.101,0.747,0.455
Hypertension,0.17,0.113,1.499,0.134
Hypothyroid,-0.127,0.154,-0.823,0.411
Disease Count,2.996,0.402,7.448,0.0
Acute Care 2 Months,0.918,0.197,4.664,0.0
Acute Care 6 Months,-0.651,0.342,-1.902,0.057
Inpatient Visits 6 Months,1.066,0.318,3.347,0.001
Emergency Vistits 6 Months,0.488,0.308,1.583,0.113
Line of Bussiness,-0.251,0.196,-1.277,0.201
Treatment,-0.197,0.125,-1.575,0.115
