,0
MBR_GNDR,0.0013050963631335397
AGE_AT_MIDMONTH,0.032115980574702434
ALLOW_AMT,0.02696240813850794
ALLOW_ER,0.01562079020412883
ALLOW_IP,0.003470401994535388
CC_ADHD,0.07711706003594594
CC_ALZHEIMER,0.05213446428257259
CC_ALZHEIMER_PLUS,0.08800447470602861
CC_AMI,0.010399258517100413
CC_ANEMIA,0.034435320471555286
CC_ANXIETY_DISORDER,0.047740879669994775
CC_ARTHRITIS,0.05285516316651951
CC_ASTHMA,0.05114609826894382
CC_ATRIAL_FIB,0.01754417363937537
CC_AUTISM,0.03228958512743516
CC_BIPOLAR,0.023635145065982598
CC_BPH,0.0214218069174491
CC_BREAST_CANCER,0.025619257999151733
CC_CATARACT,0.025191248942859873
CC_CEREBRAL_PALSY,0.02275367343500901
CC_CHRONIC_KIDNEY,0.0406546018240034
CC_COLORECTAL_CANCER,0.04872831509957516
CC_COPD,0.017545181472388694
CC_CYSTIC_FIBROSIS,0.00934289599868904
CC_DEPRESSION,0.09265325905342069
CC_DEPRESSIVE_DISORDERS,0.015301497976415545
CC_DEVELOP_DELAYS,0.036451993780244
CC_DIABETES,0.15021667041496828
CC_DISAB_DX_CNT,0.0011122544319041763
CC_DX_CNT,0.21724708513374386
CC_ENDOMETRIAL_CANCER,0.0038490181170821296
CC_EPILEPSY,0.0038972734396292012
CC_FIBROMYALGIA,0.00770410470736274
CC_GLAUCOMA,0.0006281245453402974
CC_HEARING_IMPAIR,0.00045805477112441736
CC_HEART_FAILURE,0.07876575831557116
CC_HEPATITIS_A,
CC_HEPATITIS_B_ACUTE,0.029911443660266237
CC_HEPATITIS_B_CHRONIC,0.0015118419893695276
CC_HEPATITIS_C_ACUTE,
CC_HEPATITIS_C_CHRONIC,0.02125025099812711
CC_HEPATITIS_C_UNSPECIFIED,0.007154474466390694
CC_HEPATITIS_D,
CC_HEPATITIS_E,
CC_HEPATITIS_GEN,0.0075523785154185735
CC_HIP_FRACTURE,0.033952655244266376
CC_HYPERLIPIDEMIA,0.08395932122944691
CC_HYPERTENSION,0.13181851127072658
CC_HYPOTHYROID,0.02654406123453353
CC_INT_DISAB,0.04801290805702087
CC_ISCHEMIC,0.010776048434636516
CC_LEARN_DISAB,0.01851046881055931
CC_LEUKEMIAS,0.01033384106724046
CC_LIVER,0.04436826287620367
CC_LUNG_CANCER,0.005789119200501587
CC_MIGRAINE,0.09140320184883811
CC_MOBILITY_IMPAIR,0.019890642972645704
CC_MULTIPLE_SCLEROSIS,0.03457165867180985
CC_MUSCULAR_DYSTROPHY,
CC_OBESITY,0.3838606744691654
CC_OSTEOPOROSIS,0.056102888079742085
CC_PERIPHERAL,0.023568890182234195
CC_PERSONALITY,0.021725810233376743
CC_PRESSURE,0.001287875211231579
CC_PROSTATE_CANCER,0.004156541891080443
CC_PTSD,0.08645604995262636
CC_SCHIZOPHRENIA,0.011784105302075699
CC_SCHIZOPHRENIA_OTHER,0.03482699512069313
CC_SPINAL_CORD,0.026976671166932725
CC_SPINA_BIFIDA,0.013176466568975007
CC_STROKE,0.031062794486273033
CC_TOBACCO,0.08549976823693838
CC_TRAUMATIC_BRAIN,0.012979270761722428
CC_VISUAL_IMPAIR,0.01673030954785762
LOB,0.0006596284937449823
PREGNANCY,0.02076796321805688
IP_BIN,0.005542024243732334
ER_BIN,0.005958989228060054
ACUTE,0.002270291309385187
IP_C,0.08787489643017472
ER_C,0.05631468147387734
ACUTE_C,0.07401087246346699
IP_BIN6,0.00693125098872402
ER_BIN6,0.01954289105281865
ACUTE6,0.012502350342115255
IP_BIN2,0.0073890618567125765
ER_BIN2,0.009702200304190724
ACUTE2,0.00444812371672451
HasPast,0.1662547653891159
