,0
MBR_GNDR,0.5302452113050496
AGE_AT_MIDMONTH,0.09700210172115824
ALLOW_AMT,0.0196051263090535
ALLOW_ER,0.007421075160829004
ALLOW_IP,0.02234136053940815
CC_ADHD,0.036545148443814186
CC_ALZHEIMER,0.1255522814423926
CC_ALZHEIMER_PLUS,0.2086657437598605
CC_AMI,0.05235116840772376
CC_ANEMIA,0.061845016938680816
CC_ANXIETY_DISORDER,0.120748868003553
CC_ARTHRITIS,0.004066055951506026
CC_ASTHMA,0.077408111282192
CC_ATRIAL_FIB,0.1552020090219972
CC_AUTISM,0.09398586318158247
CC_BIPOLAR,0.029314840515641857
CC_BPH,0.15252510426231422
CC_BREAST_CANCER,0.07013119827115918
CC_CATARACT,0.07263259271903083
CC_CEREBRAL_PALSY,0.01611058248028327
CC_CHRONIC_KIDNEY,0.29629069802393754
CC_COLORECTAL_CANCER,0.048627539176218246
CC_COPD,0.14230107944082296
CC_CYSTIC_FIBROSIS,0.028276895390090272
CC_DEPRESSION,0.07075515531521695
CC_DEPRESSIVE_DISORDERS,0.06190835348638023
CC_DEVELOP_DELAYS,0.055565251186468156
CC_DIABETES,0.4429220339457724
CC_DISAB_DX_CNT,0.1329093048925828
CC_DX_CNT,0.11679337340178855
CC_ENDOMETRIAL_CANCER,0.01367825480517335
CC_EPILEPSY,0.05436443211683988
CC_FIBROMYALGIA,0.004074456925959685
CC_GLAUCOMA,0.07362451731050894
CC_HEARING_IMPAIR,0.0739955938594574
CC_HEART_FAILURE,0.14102843992048253
CC_HEPATITIS_A,0.01414176159694398
CC_HEPATITIS_B_ACUTE,0.001614969390115859
CC_HEPATITIS_B_CHRONIC,0.018869686659237783
CC_HEPATITIS_C_ACUTE,0.024313967644634366
CC_HEPATITIS_C_CHRONIC,0.06572774879812526
CC_HEPATITIS_C_UNSPECIFIED,0.044919596195222636
CC_HEPATITIS_D,0.005532178725557323
CC_HEPATITIS_E,0.0040056489811642485
CC_HEPATITIS_GEN,0.06870357023834438
CC_HIP_FRACTURE,0.06132956527085317
CC_HYPERLIPIDEMIA,0.13907845374457034
CC_HYPERTENSION,0.09440835677619948
CC_HYPOTHYROID,0.027497535693461757
CC_INT_DISAB,0.06835826220373252
CC_ISCHEMIC,0.19398256417932241
CC_LEARN_DISAB,0.05498623093742364
CC_LEUKEMIAS,0.012641572895400547
CC_LIVER,0.028971725607293636
CC_LUNG_CANCER,0.04835247417280008
CC_MIGRAINE,0.17781256875850088
CC_MOBILITY_IMPAIR,0.06152517997680394
CC_MULTIPLE_SCLEROSIS,0.06567665294053097
CC_MUSCULAR_DYSTROPHY,0.030184807307876465
CC_OBESITY,0.4853912953790675
CC_OSTEOPOROSIS,0.08773247142933285
CC_PERIPHERAL,0.20258770312864965
CC_PERSONALITY,0.004402912387871255
CC_PRESSURE,0.13383523885462584
CC_PROSTATE_CANCER,0.10030847145969743
CC_PTSD,0.04576214594502824
CC_SCHIZOPHRENIA,0.08728877455927697
CC_SCHIZOPHRENIA_OTHER,0.12120961923489018
CC_SPINAL_CORD,0.04959082192409374
CC_SPINA_BIFIDA,0.0063903457632303725
CC_STROKE,0.06188941033961308
CC_TOBACCO,0.15373905002197574
CC_TRAUMATIC_BRAIN,0.008892329978115947
CC_VISUAL_IMPAIR,0.04782074683517241
LOB,0.4317020946235095
PREGNANCY,0.033131577755053036
IP_BIN,0.06991424844471679
ER_BIN,0.06559672049360923
ACUTE,0.08843863095836546
IP_C,0.06567641499968953
ER_C,0.019829034138682543
ACUTE_C,0.0023958521207375137
IP_BIN6,0.13811740893510507
ER_BIN6,0.11451669459171963
ACUTE6,0.15705554532786453
IP_BIN2,0.09298291105931286
ER_BIN2,0.08374751690101719
ACUTE2,0.11364522411320407
HasPast,0.23801026711887935
