,0
MBR_GNDR,0.002461307212792005
AGE_AT_MIDMONTH,0.33108540954115484
ALLOW_AMT,1.375273370519266
ALLOW_ER,2.1049227861996
ALLOW_IP,0.15533530236056622
CC_ADHD,2.1101859841808674
CC_ALZHEIMER,0.415241074742983
CC_ALZHEIMER_PLUS,0.4217485492362709
CC_AMI,0.19864424870345648
CC_ANEMIA,0.5568002431901315
CC_ANXIETY_DISORDER,0.3953733104031254
CC_ARTHRITIS,12.999123424984473
CC_ASTHMA,0.6607330604216687
CC_ATRIAL_FIB,0.11304089264004813
CC_AUTISM,0.343557893010474
CC_BIPOLAR,0.8062518727799771
CC_BPH,0.1404477447896555
CC_BREAST_CANCER,0.3653047235853008
CC_CATARACT,0.346831195195093
CC_CEREBRAL_PALSY,1.4123433130276823
CC_CHRONIC_KIDNEY,0.13721187366037013
CC_COLORECTAL_CANCER,1.0020724043425624
CC_COPD,0.12329619382602786
CC_CYSTIC_FIBROSIS,0.3304074181341452
CC_DEPRESSION,1.3094912821637779
CC_DEPRESSIVE_DISORDERS,0.24716370432597368
CC_DEVELOP_DELAYS,0.6560213983001157
CC_DIABETES,0.33914923824575305
CC_DISAB_DX_CNT,0.008368521924052644
CC_DX_CNT,1.8600976990910083
CC_ENDOMETRIAL_CANCER,0.2813968720356317
CC_EPILEPSY,0.07168792697499704
CC_FIBROMYALGIA,1.8908298326280963
CC_GLAUCOMA,0.008531458925444674
CC_HEARING_IMPAIR,0.006190297924960476
CC_HEART_FAILURE,0.5585097471118764
CC_HEPATITIS_A,
CC_HEPATITIS_B_ACUTE,18.521368790847713
CC_HEPATITIS_B_CHRONIC,0.08012014278092928
CC_HEPATITIS_C_ACUTE,
CC_HEPATITIS_C_CHRONIC,0.32330714784397463
CC_HEPATITIS_C_UNSPECIFIED,0.15927290252781923
CC_HEPATITIS_D,
CC_HEPATITIS_E,
CC_HEPATITIS_GEN,0.10992701673607481
CC_HIP_FRACTURE,0.5536099121903013
CC_HYPERLIPIDEMIA,0.6036831656443743
CC_HYPERTENSION,1.3962589305860926
CC_HYPOTHYROID,0.9653250942354467
CC_INT_DISAB,0.7023716886471589
CC_ISCHEMIC,0.055551634139008814
CC_LEARN_DISAB,0.33663825461368513
CC_LEUKEMIAS,0.8174489956863104
CC_LIVER,1.5314332144935805
CC_LUNG_CANCER,0.11972746585443945
CC_MIGRAINE,0.514042412676569
CC_MOBILITY_IMPAIR,0.3232927230793119
CC_MULTIPLE_SCLEROSIS,0.5263919082952333
CC_MUSCULAR_DYSTROPHY,
CC_OBESITY,0.7908272730135971
CC_OSTEOPOROSIS,0.6394768911181545
CC_PERIPHERAL,0.11633919442419068
CC_PERSONALITY,4.934418021404432
CC_PRESSURE,0.009622840906874246
CC_PROSTATE_CANCER,0.04143759575431756
CC_PTSD,1.889248158433865
CC_SCHIZOPHRENIA,0.13500138318556903
CC_SCHIZOPHRENIA_OTHER,0.28732864058588
CC_SPINAL_CORD,0.5439851593551848
CC_SPINA_BIFIDA,2.061933275158838
CC_STROKE,0.5019080698267844
CC_TOBACCO,0.5561356612045988
CC_TRAUMATIC_BRAIN,1.459602915508585
CC_VISUAL_IMPAIR,0.34985462702042935
LOB,0.0015279714922862466
PREGNANCY,0.626832907614533
IP_BIN,0.07926888105097164
ER_BIN,0.0908427918837895
ACUTE,0.02567081019666597
IP_C,1.3379977641987635
ER_C,2.8400113227914856
ACUTE_C,30.891252353540196
IP_BIN6,0.050183760629195495
ER_BIN6,0.17065538891507384
ACUTE6,0.07960464124979297
IP_BIN2,0.07946688023134883
ER_BIN2,0.11585060265915637
ACUTE2,0.0391404368413551
HasPast,0.6985193008756904
