,Coefficient,Standard Error,z-statistic,p-value
Age,-0.927,0.142,-6.507,0.0
Total Cost,0.102,0.022,4.598,0.0
Gender,-0.126,0.063,-1.994,0.046
Tobacco Use,0.149,0.07,2.135,0.033
Pressure,0.485,0.336,1.444,0.149
Obesity,0.036,0.053,0.681,0.496
Hypertension,0.231,0.059,3.88,0.0
Hypothyroid,-0.078,0.084,-0.929,0.353
Disease Count,0.954,0.259,3.678,0.0
Acute Care 2 Months,1.283,0.096,13.356,0.0
Acute Care 6 Months,0.629,0.163,3.846,0.0
Inpatient Visits 6 Months,-0.27,0.125,-2.163,0.031
Emergency Vistits 6 Months,-0.237,0.151,-1.571,0.116
Line of Bussiness,-0.645,0.059,-10.9,0.0
Treatment,-0.63,0.107,-5.892,0.0
