,Coefficient,Standard Error,z-statistic,p-value
Age,-1.049,0.137,-7.682,0.0
Total Cost,0.086,0.009,9.109,0.0
Gender,-0.047,0.059,-0.798,0.425
Tobacco Use,-0.011,0.069,-0.155,0.877
Pressure,0.533,0.306,1.74,0.082
Obesity,-0.087,0.05,-1.714,0.087
Hypertension,0.086,0.057,1.504,0.132
Hypothyroid,-0.163,0.081,-2.008,0.045
Disease Count,1.082,0.23,4.708,0.0
Acute Care 2 Months,1.224,0.089,13.813,0.0
Acute Care 6 Months,0.985,0.262,3.762,0.0
Inpatient Visits 6 Months,-0.61,0.223,-2.732,0.006
Emergency Vistits 6 Months,-0.495,0.247,-2.004,0.045
Line of Bussiness,-0.555,0.058,-9.508,0.0
Treatment,-0.197,0.064,-3.098,0.002
