,Coefficient,Standard Error,z-statistic,p-value
Age,1.705,0.384,4.44,0.0
Total Cost,0.118,0.042,2.83,0.005
Gender,0.389,0.139,2.795,0.005
Tobacco Use,-0.15,0.217,-0.689,0.491
Pressure,0.136,0.748,0.181,0.856
Obesity,0.579,0.134,4.332,0.0
Hypertension,0.019,0.146,0.13,0.897
Hypothyroid,-0.286,0.224,-1.275,0.202
Disease Count,1.069,0.671,1.592,0.111
Acute Care 2 Months,0.031,0.367,0.086,0.932
Acute Care 6 Months,-0.486,0.621,-0.783,0.434
Inpatient Visits 6 Months,0.172,0.459,0.375,0.707
Emergency Vistits 6 Months,0.424,0.58,0.731,0.465
Line of Bussiness,-0.374,0.184,-2.032,0.042
Treatment,0.504,0.2,2.517,0.012
