,Coefficient,Standard Error,z-statistic,p-value
Age,-1.11,0.161,-6.885,0.0
Total Cost,0.075,0.025,3.035,0.002
Gender,-0.176,0.074,-2.393,0.017
Tobacco Use,0.21,0.077,2.73,0.006
Pressure,0.651,0.365,1.782,0.075
Obesity,0.071,0.06,1.187,0.235
Hypertension,0.281,0.067,4.172,0.0
Hypothyroid,-0.091,0.096,-0.946,0.344
Disease Count,0.874,0.288,3.039,0.002
Acute Care 2 Months,1.252,0.11,11.364,0.0
Acute Care 6 Months,0.01,0.203,0.048,0.962
Inpatient Visits 6 Months,-0.31,0.143,-2.16,0.031
Emergency Vistits 6 Months,0.44,0.188,2.339,0.019
Line of Bussiness,-0.691,0.066,-10.501,0.0
Treatment,-0.553,0.119,-4.651,0.0
