,Coefficient,Standard Error,z-statistic,p-value
Age,-0.822,0.233,-3.527,0.0
Total Cost,0.175,0.038,4.598,0.0
Gender,-0.011,0.1,-0.108,0.914
Tobacco Use,0.22,0.112,1.965,0.049
Pressure,0.563,0.48,1.173,0.241
Obesity,0.051,0.086,0.595,0.552
Hypertension,0.266,0.095,2.803,0.005
Hypothyroid,-0.076,0.136,-0.562,0.574
Disease Count,0.711,0.411,1.732,0.083
Acute Care 2 Months,0.727,0.149,4.863,0.0
Acute Care 6 Months,0.229,0.197,1.16,0.246
Inpatient Visits 6 Months,0.688,0.152,4.527,0.0
Emergency Vistits 6 Months,-0.288,0.172,-1.67,0.095
Line of Bussiness,-0.546,0.098,-5.58,0.0
Treatment,-0.802,0.187,-4.28,0.0
