,Coefficient,Standard Error,z-statistic,p-value
Age,-1.345,0.15,-8.964,0.0
Total Cost,0.09,0.011,8.47,0.0
Gender,-0.065,0.065,-1.009,0.313
Tobacco Use,0.069,0.076,0.91,0.363
Pressure,0.403,0.229,1.761,0.078
Obesity,0.029,0.056,0.524,0.6
Hypertension,0.235,0.058,4.067,0.0
Hypothyroid,-0.306,0.102,-2.99,0.003
Disease Count,0.619,0.264,2.344,0.019
Acute Care 2 Months,1.684,0.088,19.127,0.0
Acute Care 6 Months,0.448,0.224,1.997,0.046
Inpatient Visits 6 Months,-0.398,0.196,-2.03,0.042
Emergency Vistits 6 Months,-0.076,0.212,-0.356,0.722
Line of Bussiness,-0.23,0.063,-3.675,0.0
Treatment,-0.489,0.07,-7.031,0.0
