,Coefficient,Standard Error,z-statistic,p-value
Age,-0.962,0.145,-6.618,0.0
Total Cost,0.066,0.01,6.78,0.0
Gender,0.028,0.06,0.472,0.637
Tobacco Use,0.179,0.077,2.329,0.02
Pressure,0.279,0.273,1.022,0.307
Obesity,-0.015,0.054,-0.271,0.786
Hypertension,0.1,0.059,1.696,0.09
Hypothyroid,-0.262,0.098,-2.672,0.008
Disease Count,0.723,0.252,2.863,0.004
Acute Care 2 Months,1.186,0.097,12.281,0.0
Acute Care 6 Months,0.777,0.258,3.007,0.003
Inpatient Visits 6 Months,-0.607,0.222,-2.737,0.006
Emergency Vistits 6 Months,-0.292,0.25,-1.169,0.242
Line of Bussiness,-0.283,0.064,-4.414,0.0
Treatment,-0.314,0.064,-4.885,0.0
