,Coefficient,Standard Error,z-statistic,p-value
Age,2.191,0.376,5.828,0.0
Total Cost,0.084,0.025,3.344,0.001
Gender,-0.136,0.149,-0.913,0.361
Tobacco Use,0.473,0.176,2.695,0.007
Pressure,-0.398,0.717,-0.556,0.578
Obesity,0.261,0.129,2.026,0.043
Hypertension,-0.175,0.141,-1.249,0.212
Hypothyroid,0.309,0.197,1.57,0.116
Disease Count,0.517,0.649,0.795,0.426
Acute Care 2 Months,0.146,0.31,0.472,0.637
Acute Care 6 Months,-0.741,0.745,-0.994,0.32
Inpatient Visits 6 Months,0.5,0.629,0.794,0.427
Emergency Vistits 6 Months,0.522,0.704,0.741,0.459
Line of Bussiness,-0.399,0.168,-2.372,0.018
Treatment,0.613,0.128,4.798,0.0
