,Coefficient,Standard Error,z-statistic,p-value
Age,-1.083,0.169,-6.396,0.0
Total Cost,0.067,0.012,5.711,0.0
Gender,-0.022,0.073,-0.306,0.759
Tobacco Use,0.098,0.085,1.163,0.245
Pressure,0.098,0.284,0.344,0.731
Obesity,0.076,0.063,1.202,0.23
Hypertension,0.231,0.065,3.544,0.0
Hypothyroid,-0.277,0.117,-2.373,0.018
Disease Count,0.122,0.3,0.407,0.684
Acute Care 2 Months,1.814,0.095,19.176,0.0
Acute Care 6 Months,0.038,0.256,0.148,0.882
Inpatient Visits 6 Months,-0.418,0.208,-2.01,0.044
Emergency Vistits 6 Months,0.383,0.242,1.584,0.113
Line of Bussiness,-0.35,0.069,-5.064,0.0
Treatment,-0.484,0.08,-6.092,0.0
