,Coefficient,Standard Error,z-statistic,p-value
Age,-1.601,0.238,-6.725,0.0
Total Cost,0.121,0.018,6.734,0.0
Gender,-0.069,0.102,-0.676,0.499
Tobacco Use,0.192,0.114,1.681,0.093
Pressure,0.783,0.266,2.942,0.003
Obesity,-0.037,0.087,-0.426,0.67
Hypertension,0.186,0.092,2.024,0.043
Hypothyroid,-0.281,0.152,-1.842,0.065
Disease Count,2.07,0.377,5.494,0.0
Acute Care 2 Months,0.46,0.138,3.332,0.001
Acute Care 6 Months,-0.368,0.276,-1.332,0.183
Inpatient Visits 6 Months,1.102,0.24,4.6,0.0
Emergency Vistits 6 Months,0.436,0.251,1.735,0.083
Line of Bussiness,-0.091,0.103,-0.884,0.377
Treatment,-0.428,0.11,-3.878,0.0
