,Coefficient,Standard Error,z-statistic,p-value
Age,-1.115,0.147,-7.607,0.0
Total Cost,0.069,0.01,6.969,0.0
Gender,0.064,0.062,1.031,0.303
Tobacco Use,0.244,0.08,3.042,0.002
Pressure,0.337,0.379,0.888,0.374
Obesity,0.043,0.057,0.764,0.445
Hypertension,0.02,0.065,0.309,0.758
Hypothyroid,-0.115,0.087,-1.322,0.186
Disease Count,1.519,0.254,5.969,0.0
Acute Care 2 Months,1.324,0.124,10.636,0.0
Acute Care 6 Months,0.842,0.387,2.175,0.03
Inpatient Visits 6 Months,-0.532,0.327,-1.628,0.103
Emergency Vistits 6 Months,-0.381,0.377,-1.012,0.312
Line of Bussiness,-0.382,0.095,-4.037,0.0
Treatment,-0.196,0.064,-3.035,0.002
