,Coefficient,Standard Error,z-statistic,p-value
Age,-1.366,0.151,-9.048,0.0
Total Cost,0.081,0.011,7.693,0.0
Gender,-0.02,0.066,-0.307,0.759
Tobacco Use,0.025,0.086,0.29,0.772
Pressure,0.761,0.361,2.109,0.035
Obesity,0.05,0.059,0.851,0.395
Hypertension,0.14,0.068,2.068,0.039
Hypothyroid,-0.188,0.096,-1.957,0.05
Disease Count,1.005,0.263,3.82,0.0
Acute Care 2 Months,1.575,0.109,14.433,0.0
Acute Care 6 Months,-0.015,0.211,-0.07,0.944
Inpatient Visits 6 Months,0.12,0.183,0.653,0.514
Emergency Vistits 6 Months,0.258,0.197,1.311,0.19
Line of Bussiness,-0.392,0.097,-4.044,0.0
Treatment,-0.334,0.069,-4.815,0.0
