,Coefficient,Standard Error,z-statistic,p-value
Age,1.676,0.383,4.376,0.0
Total Cost,0.109,0.026,4.211,0.0
Gender,0.328,0.142,2.311,0.021
Tobacco Use,0.5,0.196,2.553,0.011
Pressure,-14.109,1237.389,-0.011,0.991
Obesity,0.601,0.137,4.391,0.0
Hypertension,0.065,0.151,0.43,0.667
Hypothyroid,0.049,0.205,0.238,0.812
Disease Count,-0.23,0.644,-0.357,0.721
Acute Care 2 Months,0.197,0.308,0.639,0.523
Acute Care 6 Months,-0.182,0.752,-0.242,0.809
Inpatient Visits 6 Months,0.171,0.634,0.269,0.788
Emergency Vistits 6 Months,0.267,0.707,0.378,0.706
Line of Bussiness,-0.425,0.253,-1.678,0.093
Treatment,0.781,0.129,6.048,0.0
