,Coefficient,Standard Error,z-statistic,p-value
Age,-0.903,0.175,-5.146,0.0
Total Cost,0.03,0.012,2.535,0.011
Gender,-0.057,0.077,-0.74,0.459
Tobacco Use,0.154,0.094,1.629,0.103
Pressure,0.63,0.422,1.494,0.135
Obesity,0.105,0.068,1.544,0.123
Hypertension,0.093,0.077,1.206,0.228
Hypothyroid,-0.195,0.11,-1.77,0.077
Disease Count,1.199,0.296,4.052,0.0
Acute Care 2 Months,1.593,0.124,12.82,0.0
Acute Care 6 Months,-0.371,0.262,-1.416,0.157
Inpatient Visits 6 Months,-0.063,0.196,-0.322,0.747
Emergency Vistits 6 Months,0.736,0.244,3.013,0.003
Line of Bussiness,-0.505,0.108,-4.659,0.0
Treatment,-0.301,0.08,-3.774,0.0
