,Coefficient,Standard Error,z-statistic,p-value
Age,-1.987,0.239,-8.311,0.0
Total Cost,0.177,0.018,9.898,0.0
Gender,0.117,0.101,1.159,0.247
Tobacco Use,-0.122,0.142,-0.858,0.391
Pressure,1.205,0.459,2.627,0.009
Obesity,0.048,0.092,0.519,0.603
Hypertension,0.338,0.106,3.183,0.001
Hypothyroid,-0.129,0.148,-0.868,0.385
Disease Count,0.731,0.408,1.791,0.073
Acute Care 2 Months,1.05,0.167,6.291,0.0
Acute Care 6 Months,-1.225,0.28,-4.383,0.0
Inpatient Visits 6 Months,1.779,0.258,6.897,0.0
Emergency Vistits 6 Months,0.853,0.234,3.642,0.0
Line of Bussiness,-0.262,0.157,-1.672,0.094
Treatment,-0.341,0.11,-3.106,0.002
