,Coefficient,Standard Error,z-statistic,p-value
Age,-1.283,0.152,-8.42,0.0
Total Cost,0.092,0.011,8.723,0.0
Gender,0.025,0.065,0.391,0.696
Tobacco Use,0.16,0.083,1.916,0.055
Pressure,-0.67,0.39,-1.717,0.086
Obesity,-0.091,0.058,-1.557,0.119
Hypertension,0.029,0.066,0.443,0.658
Hypothyroid,-0.033,0.089,-0.375,0.708
Disease Count,1.934,0.257,7.513,0.0
Acute Care 2 Months,1.403,0.125,11.267,0.0
Acute Care 6 Months,0.705,0.356,1.98,0.048
Inpatient Visits 6 Months,-0.513,0.308,-1.663,0.096
Emergency Vistits 6 Months,-0.266,0.34,-0.783,0.434
Line of Bussiness,-0.451,0.096,-4.7,0.0
Treatment,-0.158,0.063,-2.493,0.013
