,Coefficient,Standard Error,z-statistic,p-value
Age,-1.102,0.163,-6.745,0.0
Total Cost,0.09,0.011,8.324,0.0
Gender,0.003,0.067,0.045,0.964
Tobacco Use,0.061,0.087,0.7,0.484
Pressure,0.868,0.361,2.401,0.016
Obesity,0.083,0.059,1.391,0.164
Hypertension,0.103,0.066,1.552,0.121
Hypothyroid,-0.199,0.097,-2.059,0.04
Disease Count,1.505,0.264,5.701,0.0
Acute Care 2 Months,1.474,0.107,13.752,0.0
Acute Care 6 Months,0.072,0.204,0.352,0.725
Inpatient Visits 6 Months,0.013,0.182,0.072,0.942
Emergency Vistits 6 Months,0.208,0.189,1.099,0.272
Line of Bussiness,-0.377,0.1,-3.763,0.0
Treatment,-0.327,0.072,-4.548,0.0
