,Coefficient,Standard Error,z-statistic,p-value
Age,1.612,0.392,4.107,0.0
Total Cost,0.093,0.025,3.684,0.0
Gender,0.391,0.137,2.844,0.004
Tobacco Use,0.046,0.217,0.213,0.831
Pressure,-0.017,1.017,-0.016,0.987
Obesity,0.339,0.133,2.542,0.011
Hypertension,0.056,0.145,0.386,0.699
Hypothyroid,-0.028,0.203,-0.137,0.891
Disease Count,1.009,0.611,1.652,0.099
Acute Care 2 Months,0.264,0.29,0.912,0.362
Acute Care 6 Months,-0.374,0.657,-0.569,0.569
Inpatient Visits 6 Months,0.149,0.537,0.277,0.782
Emergency Vistits 6 Months,0.509,0.611,0.832,0.405
Line of Bussiness,-0.515,0.247,-2.088,0.037
Treatment,0.756,0.129,5.87,0.0
