,Coefficient,Standard Error,z-statistic,p-value
Age,-0.65,0.197,-3.304,0.001
Total Cost,0.046,0.013,3.702,0.0
Gender,-0.019,0.08,-0.235,0.814
Tobacco Use,0.147,0.1,1.478,0.14
Pressure,0.636,0.423,1.504,0.133
Obesity,0.101,0.071,1.425,0.154
Hypertension,0.159,0.078,2.049,0.04
Hypothyroid,-0.283,0.118,-2.402,0.016
Disease Count,1.395,0.311,4.479,0.0
Acute Care 2 Months,1.452,0.123,11.845,0.0
Acute Care 6 Months,-0.26,0.248,-1.049,0.294
Inpatient Visits 6 Months,-0.154,0.189,-0.815,0.415
Emergency Vistits 6 Months,0.713,0.229,3.11,0.002
Line of Bussiness,-0.562,0.113,-4.982,0.0
Treatment,-0.267,0.084,-3.165,0.002
