,Coefficient,Standard Error,z-statistic,p-value
Age,-1.66,0.244,-6.817,0.0
Total Cost,0.139,0.017,8.081,0.0
Gender,0.102,0.1,1.024,0.306
Tobacco Use,-0.119,0.139,-0.856,0.392
Pressure,1.695,0.391,4.333,0.0
Obesity,0.052,0.088,0.586,0.558
Hypertension,-0.008,0.101,-0.076,0.939
Hypothyroid,-0.124,0.14,-0.888,0.375
Disease Count,2.206,0.378,5.834,0.0
Acute Care 2 Months,1.013,0.163,6.204,0.0
Acute Care 6 Months,-1.209,0.278,-4.347,0.0
Inpatient Visits 6 Months,1.68,0.256,6.556,0.0
Emergency Vistits 6 Months,0.813,0.228,3.561,0.0
Line of Bussiness,-0.117,0.158,-0.741,0.459
Treatment,-0.373,0.111,-3.374,0.001
