,Coefficient,Standard Error,z-statistic,p-value
Age,-1.033,0.17,-6.079,0.0
Total Cost,0.1,0.011,8.862,0.0
Gender,-0.044,0.071,-0.619,0.536
Tobacco Use,0.231,0.084,2.765,0.006
Pressure,0.867,0.34,2.546,0.011
Obesity,0.033,0.06,0.549,0.583
Hypertension,0.262,0.067,3.917,0.0
Hypothyroid,-0.006,0.092,-0.062,0.951
Disease Count,0.951,0.259,3.678,0.0
Acute Care 2 Months,1.261,0.111,11.379,0.0
Acute Care 6 Months,0.416,0.25,1.663,0.096
Inpatient Visits 6 Months,-0.288,0.226,-1.274,0.203
Emergency Vistits 6 Months,0.106,0.232,0.455,0.649
Line of Bussiness,-0.278,0.109,-2.535,0.011
Treatment,-0.337,0.075,-4.477,0.0
