,Coefficient,Standard Error,z-statistic,p-value
Age,-0.335,0.151,-2.215,0.027
Total Cost,0.064,0.01,6.36,0.0
Gender,0.108,0.061,1.767,0.077
Tobacco Use,0.121,0.08,1.51,0.131
Pressure,0.391,0.315,1.242,0.214
Obesity,0.005,0.055,0.086,0.931
Hypertension,-0.01,0.063,-0.161,0.872
Hypothyroid,-0.179,0.087,-2.05,0.04
Disease Count,1.702,0.242,7.02,0.0
Acute Care 2 Months,1.235,0.104,11.842,0.0
Acute Care 6 Months,0.594,0.264,2.251,0.024
Inpatient Visits 6 Months,-0.408,0.239,-1.709,0.087
Emergency Vistits 6 Months,-0.039,0.243,-0.159,0.874
Line of Bussiness,-0.558,0.092,-6.053,0.0
Treatment,-0.105,0.066,-1.583,0.113
