,Coefficient,Standard Error,z-statistic,p-value
Age,2.169,0.456,4.755,0.0
Total Cost,0.001,0.028,0.02,0.984
Gender,0.444,0.156,2.838,0.005
Tobacco Use,0.039,0.233,0.168,0.867
Pressure,-14.705,1066.654,-0.014,0.989
Obesity,0.635,0.152,4.172,0.0
Hypertension,-0.128,0.165,-0.777,0.437
Hypothyroid,-0.218,0.23,-0.951,0.342
Disease Count,2.668,0.637,4.19,0.0
Acute Care 2 Months,0.513,0.374,1.371,0.17
Acute Care 6 Months,-1.1,0.984,-1.118,0.264
Inpatient Visits 6 Months,0.186,0.785,0.237,0.812
Emergency Vistits 6 Months,1.144,0.924,1.237,0.216
Line of Bussiness,-0.337,0.316,-1.067,0.286
Treatment,0.918,0.144,6.366,0.0
