,Coefficient,Standard Error,z-statistic,p-value
Age,-0.592,0.202,-2.937,0.003
Total Cost,0.064,0.013,4.927,0.0
Gender,-0.089,0.085,-1.047,0.295
Tobacco Use,0.309,0.095,3.25,0.001
Pressure,1.112,0.363,3.065,0.002
Obesity,0.073,0.07,1.032,0.302
Hypertension,0.208,0.079,2.643,0.008
Hypothyroid,-0.07,0.11,-0.639,0.523
Disease Count,1.017,0.302,3.37,0.001
Acute Care 2 Months,1.166,0.128,9.14,0.0
Acute Care 6 Months,0.054,0.306,0.176,0.86
Inpatient Visits 6 Months,-0.41,0.245,-1.674,0.094
Emergency Vistits 6 Months,0.654,0.283,2.313,0.021
Line of Bussiness,-0.452,0.121,-3.737,0.0
Treatment,-0.3,0.088,-3.41,0.001
