,Coefficient,Standard Error,z-statistic,p-value
Age,0.433,0.303,1.428,0.153
Total Cost,0.147,0.021,6.998,0.0
Gender,0.236,0.112,2.112,0.035
Tobacco Use,0.316,0.137,2.305,0.021
Pressure,0.155,0.517,0.3,0.764
Obesity,0.281,0.1,2.817,0.005
Hypertension,0.2,0.111,1.799,0.072
Hypothyroid,0.075,0.144,0.524,0.6
Disease Count,1.798,0.404,4.45,0.0
Acute Care 2 Months,0.866,0.185,4.689,0.0
Acute Care 6 Months,-0.845,0.342,-2.469,0.014
Inpatient Visits 6 Months,1.339,0.314,4.27,0.0
Emergency Vistits 6 Months,0.657,0.289,2.272,0.023
Line of Bussiness,-0.348,0.188,-1.852,0.064
Treatment,-0.213,0.125,-1.707,0.088
