,0
MBR_GNDR,0.0596568757940444
AGE_AT_MIDMONTH,0.037549990453830125
ALLOW_AMT,0.028484708946396726
ALLOW_ER,0.0030610120658627784
ALLOW_IP,0.0011076975493181204
CC_ADHD,0.057342897209569525
CC_ALZHEIMER,0.052630682696609345
CC_ALZHEIMER_PLUS,0.08320605998784467
CC_AMI,0.010313596586857708
CC_ANEMIA,0.08810355728742991
CC_ANXIETY_DISORDER,0.061132752247335116
CC_ARTHRITIS,0.0793229539259319
CC_ASTHMA,0.03432368005341433
CC_ATRIAL_FIB,0.10727739322191507
CC_AUTISM,0.03331360655691037
CC_BIPOLAR,0.062358748052313076
CC_BPH,0.0033869762656276348
CC_BREAST_CANCER,0.19330070650242043
CC_CATARACT,0.06028232744226865
CC_CEREBRAL_PALSY,0.0333202830826829
CC_CHRONIC_KIDNEY,0.12732895046317133
CC_COLORECTAL_CANCER,0.03609627276053613
CC_COPD,0.07057397955403312
CC_CYSTIC_FIBROSIS,0.006535424757427961
CC_DEPRESSION,0.011551894165593003
CC_DEPRESSIVE_DISORDERS,0.008109053703920545
CC_DEVELOP_DELAYS,0.010001567750761697
CC_DIABETES,0.14837824102568622
CC_DISAB_DX_CNT,0.046045489895505214
CC_DX_CNT,0.03685577580066079
CC_ENDOMETRIAL_CANCER,0.03035245039051033
CC_EPILEPSY,0.01596577441443125
CC_FIBROMYALGIA,0.024322477110801852
CC_GLAUCOMA,0.012032352399750614
CC_HEARING_IMPAIR,0.0066453135984392295
CC_HEART_FAILURE,0.06990885102914494
CC_HEPATITIS_A,0.017817921177770087
CC_HEPATITIS_B_ACUTE,0.02205138281563863
CC_HEPATITIS_B_CHRONIC,0.002367149941935118
CC_HEPATITIS_C_ACUTE,0.011664038504081091
CC_HEPATITIS_C_CHRONIC,0.03303013227289127
CC_HEPATITIS_C_UNSPECIFIED,0.034811161062493795
CC_HEPATITIS_D,
CC_HEPATITIS_E,
CC_HEPATITIS_GEN,0.03538078430363279
CC_HIP_FRACTURE,0.028575802753573274
CC_HYPERLIPIDEMIA,0.11325546859713766
CC_HYPERTENSION,0.10212796571007134
CC_HYPOTHYROID,0.11245409230211315
CC_INT_DISAB,0.014968091718973524
CC_ISCHEMIC,0.19406889932741103
CC_LEARN_DISAB,0.005664885464714452
CC_LEUKEMIAS,0.035464791812395265
CC_LIVER,0.005361008408236975
CC_LUNG_CANCER,0.04905969038445292
CC_MIGRAINE,0.20458715084404883
CC_MOBILITY_IMPAIR,0.02333797016003335
CC_MULTIPLE_SCLEROSIS,0.11045715533886188
CC_MUSCULAR_DYSTROPHY,
CC_OBESITY,0.2360939327067982
CC_OSTEOPOROSIS,0.0001247976522706197
CC_PERIPHERAL,0.12622270974803543
CC_PERSONALITY,0.05142661401105532
CC_PRESSURE,0.07615524453304148
CC_PROSTATE_CANCER,0.02895670814785283
CC_PTSD,0.10029710489835365
CC_SCHIZOPHRENIA,0.010199502290172701
CC_SCHIZOPHRENIA_OTHER,0.030093096696091906
CC_SPINAL_CORD,0.021419690536444887
CC_SPINA_BIFIDA,0.03176092975628307
CC_STROKE,0.04838309593911812
CC_TOBACCO,0.18750425620431638
CC_TRAUMATIC_BRAIN,0.010335103276881525
CC_VISUAL_IMPAIR,0.008610431886591703
LOB,0.45184486515830935
PREGNANCY,0.008898507352751104
IP_BIN,0.021747811188745084
ER_BIN,0.030761084734859605
ACUTE,0.036838263446336963
IP_C,0.002533144874259673
ER_C,0.04610221751019943
ACUTE_C,0.045934568310285646
IP_BIN6,0.04601587246215543
ER_BIN6,0.05587808427477091
ACUTE6,0.07035310719166668
IP_BIN2,0.029593657942037242
ER_BIN2,0.04016125966540682
ACUTE2,0.04875494068758709
