,0
MBR_GNDR,0.11042457729598108
AGE_AT_MIDMONTH,0.9662171328673353
ALLOW_AMT,1.66560284005019
ALLOW_ER,0.42828233313098957
ALLOW_IP,0.05133705191235777
CC_ADHD,3.0543101855613184
CC_ALZHEIMER,0.4332784923520901
CC_ALZHEIMER_PLUS,0.41115011002213153
CC_AMI,0.19352191338261582
CC_ANEMIA,1.8941240139232178
CC_ANXIETY_DISORDER,0.5796351989868529
CC_ARTHRITIS,3.081327597992843
CC_ASTHMA,0.40593150309198067
CC_ATRIAL_FIB,0.7377857402794651
CC_AUTISM,0.34592110666260506
CC_BIPOLAR,1.8080889565175111
CC_BPH,0.02327846477686095
CC_BREAST_CANCER,2.526271400215961
CC_CATARACT,1.3990595120352245
CC_CEREBRAL_PALSY,2.090382304372076
CC_CHRONIC_KIDNEY,0.4678010584501121
CC_COLORECTAL_CANCER,0.7320827201534995
CC_COPD,0.5094870941967844
CC_CYSTIC_FIBROSIS,0.22086230848824623
CC_DEPRESSION,0.18780730283716907
CC_DEPRESSIVE_DISORDERS,0.12914888719342738
CC_DEVELOP_DELAYS,0.19769905226486634
CC_DIABETES,0.37307733864460724
CC_DISAB_DX_CNT,0.3795808780593942
CC_DX_CNT,0.4595209481118859
CC_ENDOMETRIAL_CANCER,2.5559566505718094
CC_EPILEPSY,0.27069089784818573
CC_FIBROMYALGIA,4.685885354072222
CC_GLAUCOMA,0.18490529698739525
CC_HEARING_IMPAIR,0.1278991060455551
CC_HEART_FAILURE,0.5248382717933517
CC_HEPATITIS_A,1.2866702684246019
CC_HEPATITIS_B_ACUTE,7.685001567310702
CC_HEPATITIS_B_CHRONIC,0.11845132032888804
CC_HEPATITIS_C_ACUTE,0.48947880356497675
CC_HEPATITIS_C_CHRONIC,0.501228941305691
CC_HEPATITIS_C_UNSPECIFIED,0.7474534000207119
CC_HEPATITIS_D,
CC_HEPATITIS_E,
CC_HEPATITIS_GEN,0.4979614687999879
CC_HIP_FRACTURE,0.47996429938214585
CC_HYPERLIPIDEMIA,1.1668193559914581
CC_HYPERTENSION,2.0035776759392916
CC_HYPOTHYROID,2.568678904170223
CC_INT_DISAB,0.21910730047373725
CC_ISCHEMIC,1.1245592283258654
CC_LEARN_DISAB,0.10495756453144922
CC_LEUKEMIAS,8.820664093170805
CC_LIVER,0.1676116457849289
CC_LUNG_CANCER,1.0208984344568999
CC_MIGRAINE,1.133807281094912
CC_MOBILITY_IMPAIR,0.37655978403535684
CC_MULTIPLE_SCLEROSIS,1.7936812466024121
CC_MUSCULAR_DYSTROPHY,
CC_OBESITY,0.48535541726939346
CC_OSTEOPOROSIS,0.0014853131137445219
CC_PERIPHERAL,0.6553713612425354
CC_PERSONALITY,9.403474601006163
CC_PRESSURE,0.5893668606159105
CC_PROSTATE_CANCER,0.2901095844484181
CC_PTSD,3.82799136650795
CC_SCHIZOPHRENIA,0.12697224120231407
CC_SCHIZOPHRENIA_OTHER,0.2599198878958503
CC_SPINAL_CORD,0.4363207311568137
CC_SPINA_BIFIDA,4.525342180400078
CC_STROKE,0.7258450005955638
CC_TOBACCO,1.2149767686853814
CC_TRAUMATIC_BRAIN,0.95092153752569
CC_VISUAL_IMPAIR,0.1869242070241045
LOB,0.9812429128266857
PREGNANCY,0.2555782390771202
IP_BIN,0.3193739443979747
ER_BIN,0.46105892231955664
ACUTE,0.41480629336928454
IP_C,0.03346269800645705
ER_C,6.599937603333133
ACUTE_C,2.693425005856429
IP_BIN6,0.3358024526745855
ER_BIN6,0.4743168470457603
ACUTE6,0.44108577286302214
IP_BIN2,0.327528786177034
ER_BIN2,0.47258500360885775
ACUTE2,0.42845611204969203
