,Coefficient,Standard Error,z-statistic,p-value
Age,-1.284,0.163,-7.896,0.0
Total Cost,0.093,0.011,8.649,0.0
Gender,-0.031,0.068,-0.463,0.644
Tobacco Use,0.267,0.081,3.273,0.001
Pressure,0.712,0.273,2.603,0.009
Obesity,-0.0,0.059,-0.003,0.997
Hypertension,0.153,0.067,2.264,0.024
Hypothyroid,-0.153,0.094,-1.627,0.104
Disease Count,1.444,0.26,5.55,0.0
Acute Care 2 Months,1.285,0.111,11.531,0.0
Acute Care 6 Months,0.353,0.229,1.537,0.124
Inpatient Visits 6 Months,-0.254,0.213,-1.193,0.233
Emergency Vistits 6 Months,0.024,0.213,0.112,0.91
Line of Bussiness,-0.282,0.101,-2.805,0.005
Treatment,-0.28,0.069,-4.028,0.0
