,Coefficient,Standard Error,z-statistic,p-value
Age,-1.18,0.14,-8.417,0.0
Total Cost,0.089,0.009,9.382,0.0
Gender,0.036,0.059,0.607,0.544
Tobacco Use,0.259,0.074,3.513,0.0
Pressure,0.427,0.287,1.487,0.137
Obesity,0.015,0.053,0.286,0.775
Hypertension,0.006,0.062,0.098,0.922
Hypothyroid,-0.172,0.086,-2.005,0.045
Disease Count,1.048,0.233,4.495,0.0
Acute Care 2 Months,1.29,0.094,13.669,0.0
Acute Care 6 Months,1.175,0.314,3.747,0.0
Inpatient Visits 6 Months,-0.805,0.275,-2.932,0.003
Emergency Vistits 6 Months,-0.679,0.305,-2.224,0.026
Line of Bussiness,-0.36,0.086,-4.192,0.0
Treatment,-0.168,0.063,-2.651,0.008
