,Coefficient,Standard Error,z-statistic,p-value
Age,1.631,0.416,3.921,0.0
Total Cost,0.01,0.026,0.387,0.699
Gender,0.181,0.151,1.198,0.231
Tobacco Use,-0.188,0.231,-0.815,0.415
Pressure,-0.755,1.012,-0.745,0.456
Obesity,0.552,0.139,3.974,0.0
Hypertension,-0.004,0.153,-0.023,0.982
Hypothyroid,-0.069,0.205,-0.337,0.736
Disease Count,2.121,0.602,3.521,0.0
Acute Care 2 Months,0.518,0.311,1.663,0.096
Acute Care 6 Months,-0.372,0.652,-0.57,0.569
Inpatient Visits 6 Months,0.441,0.569,0.774,0.439
Emergency Vistits 6 Months,0.331,0.586,0.565,0.572
Line of Bussiness,-0.292,0.27,-1.081,0.28
Treatment,0.897,0.131,6.836,0.0
