,Coefficient,Standard Error,z-statistic,p-value
Age,-0.991,0.192,-5.168,0.0
Total Cost,0.062,0.012,5.036,0.0
Gender,-0.16,0.082,-1.948,0.051
Tobacco Use,0.346,0.093,3.741,0.0
Pressure,0.569,0.34,1.676,0.094
Obesity,0.076,0.068,1.118,0.264
Hypertension,0.178,0.079,2.25,0.024
Hypothyroid,-0.259,0.114,-2.27,0.023
Disease Count,1.041,0.303,3.432,0.001
Acute Care 2 Months,1.089,0.123,8.848,0.0
Acute Care 6 Months,0.233,0.277,0.842,0.4
Inpatient Visits 6 Months,-0.506,0.232,-2.184,0.029
Emergency Vistits 6 Months,0.387,0.259,1.496,0.135
Line of Bussiness,-0.451,0.112,-4.038,0.0
Treatment,-0.207,0.08,-2.579,0.01
