,Coefficient,Standard Error,z-statistic,p-value
Age,-1.843,0.248,-7.439,0.0
Total Cost,0.14,0.017,8.157,0.0
Gender,0.246,0.097,2.528,0.011
Tobacco Use,0.074,0.127,0.58,0.562
Pressure,1.345,0.314,4.285,0.0
Obesity,-0.059,0.088,-0.672,0.502
Hypertension,0.212,0.101,2.096,0.036
Hypothyroid,0.031,0.134,0.23,0.818
Disease Count,1.94,0.374,5.188,0.0
Acute Care 2 Months,1.027,0.172,5.979,0.0
Acute Care 6 Months,-0.788,0.286,-2.754,0.006
Inpatient Visits 6 Months,1.238,0.269,4.609,0.0
Emergency Vistits 6 Months,0.506,0.247,2.051,0.04
Line of Bussiness,-0.144,0.153,-0.944,0.345
Treatment,-0.369,0.109,-3.385,0.001
