,Coefficient,Standard Error,z-statistic,p-value
Age,-0.513,0.173,-2.968,0.003
Total Cost,0.081,0.011,7.267,0.0
Gender,0.027,0.071,0.383,0.702
Tobacco Use,0.068,0.09,0.75,0.453
Pressure,0.098,0.384,0.255,0.799
Obesity,0.13,0.062,2.109,0.035
Hypertension,0.084,0.07,1.197,0.231
Hypothyroid,-0.2,0.099,-2.021,0.043
Disease Count,1.354,0.264,5.137,0.0
Acute Care 2 Months,1.522,0.117,12.976,0.0
Acute Care 6 Months,0.585,0.268,2.184,0.029
Inpatient Visits 6 Months,-0.463,0.247,-1.875,0.061
Emergency Vistits 6 Months,-0.185,0.256,-0.721,0.471
Line of Bussiness,-0.327,0.113,-2.899,0.004
Treatment,-0.306,0.076,-4.001,0.0
