,Coefficient,Standard Error,z-statistic,p-value
Age,-0.568,0.146,-3.884,0.0
Total Cost,0.059,0.01,5.972,0.0
Gender,0.082,0.061,1.343,0.179
Tobacco Use,0.156,0.079,1.986,0.047
Pressure,0.077,0.36,0.213,0.831
Obesity,0.056,0.056,1.015,0.31
Hypertension,0.069,0.062,1.112,0.266
Hypothyroid,-0.016,0.085,-0.186,0.852
Disease Count,1.466,0.253,5.789,0.0
Acute Care 2 Months,1.093,0.1,10.91,0.0
Acute Care 6 Months,0.825,0.258,3.194,0.001
Inpatient Visits 6 Months,-0.485,0.225,-2.152,0.031
Emergency Vistits 6 Months,-0.179,0.249,-0.721,0.471
Line of Bussiness,-0.687,0.087,-7.864,0.0
Treatment,-0.156,0.066,-2.36,0.018
