,Coefficient,Standard Error,z-statistic,p-value
Age,-0.174,0.171,-1.015,0.31
Total Cost,0.076,0.01,7.594,0.0
Gender,0.001,0.05,0.019,0.985
Tobacco Use,0.029,0.073,0.395,0.693
Pressure,0.275,0.206,1.338,0.181
Obesity,-0.072,0.055,-1.299,0.194
Hypertension,0.216,0.063,3.413,0.001
Hypothyroid,-0.119,0.091,-1.304,0.192
Disease Count,1.389,0.248,5.611,0.0
Acute Care 2 Months,1.474,0.087,16.972,0.0
Acute Care 6 Months,0.6,0.142,4.226,0.0
Inpatient Visits 6 Months,-0.291,0.113,-2.585,0.01
Emergency Vistits 6 Months,-0.285,0.127,-2.248,0.025
Line of Bussiness,-0.67,0.064,-10.482,0.0
Treatment,-0.348,0.076,-4.56,0.0
