,Coefficient,Standard Error,z-statistic,p-value
Age,3.189,0.501,6.368,0.0
Total Cost,0.0,0.026,0.003,0.997
Gender,0.261,0.133,1.965,0.049
Tobacco Use,0.018,0.225,0.08,0.936
Pressure,0.613,0.521,1.176,0.239
Obesity,0.555,0.145,3.822,0.0
Hypertension,0.419,0.165,2.537,0.011
Hypothyroid,-0.739,0.304,-2.429,0.015
Disease Count,-0.341,0.748,-0.456,0.649
Acute Care 2 Months,0.733,0.339,2.163,0.031
Acute Care 6 Months,12.308,408.024,0.03,0.976
Inpatient Visits 6 Months,-12.974,408.024,-0.032,0.975
Emergency Vistits 6 Months,-12.403,408.024,-0.03,0.976
Line of Bussiness,-0.745,0.195,-3.814,0.0
Treatment,0.029,0.188,0.155,0.877
