,Coefficient,Standard Error,z-statistic,p-value
Age,-0.662,0.193,-3.434,0.001
Total Cost,0.048,0.011,4.346,0.0
Gender,-0.056,0.057,-0.982,0.326
Tobacco Use,0.103,0.08,1.284,0.199
Pressure,0.082,0.285,0.287,0.774
Obesity,-0.083,0.063,-1.331,0.183
Hypertension,0.188,0.073,2.58,0.01
Hypothyroid,-0.232,0.111,-2.092,0.036
Disease Count,1.59,0.284,5.591,0.0
Acute Care 2 Months,1.31,0.102,12.887,0.0
Acute Care 6 Months,0.038,0.174,0.216,0.829
Inpatient Visits 6 Months,-0.44,0.126,-3.481,0.0
Emergency Vistits 6 Months,0.403,0.154,2.61,0.009
Line of Bussiness,-0.756,0.07,-10.821,0.0
Treatment,-0.332,0.088,-3.787,0.0
