,Coefficient,Standard Error,z-statistic,p-value
Age,1.443,0.289,5.001,0.0
Total Cost,0.119,0.018,6.696,0.0
Gender,0.226,0.079,2.868,0.004
Tobacco Use,0.091,0.113,0.808,0.419
Pressure,0.381,0.236,1.619,0.105
Obesity,-0.096,0.087,-1.104,0.27
Hypertension,0.158,0.099,1.591,0.112
Hypothyroid,0.042,0.127,0.335,0.738
Disease Count,2.027,0.356,5.69,0.0
Acute Care 2 Months,0.931,0.127,7.348,0.0
Acute Care 6 Months,0.076,0.175,0.436,0.663
Inpatient Visits 6 Months,0.582,0.138,4.211,0.0
Emergency Vistits 6 Months,-0.145,0.152,-0.955,0.339
Line of Bussiness,-0.465,0.115,-4.041,0.0
Treatment,-0.268,0.123,-2.175,0.03
