,Coefficient,Standard Error,z-statistic,p-value
Age,-0.082,0.156,-0.527,0.598
Total Cost,0.063,0.009,6.721,0.0
Gender,-0.044,0.049,-0.915,0.36
Tobacco Use,0.012,0.071,0.168,0.867
Pressure,0.325,0.223,1.46,0.144
Obesity,-0.035,0.051,-0.682,0.495
Hypertension,0.006,0.06,0.105,0.917
Hypothyroid,-0.027,0.082,-0.327,0.744
Disease Count,1.369,0.226,6.056,0.0
Acute Care 2 Months,1.33,0.09,14.733,0.0
Acute Care 6 Months,0.164,0.191,0.859,0.39
Inpatient Visits 6 Months,-0.178,0.156,-1.136,0.256
Emergency Vistits 6 Months,0.269,0.18,1.494,0.135
Line of Bussiness,-0.675,0.061,-11.151,0.0
Treatment,-0.169,0.067,-2.526,0.012
