,Coefficient,Standard Error,z-statistic,p-value
Age,1.89,0.574,3.291,0.001
Total Cost,0.088,0.032,2.757,0.006
Gender,0.426,0.154,2.756,0.006
Tobacco Use,0.388,0.225,1.721,0.085
Pressure,-0.629,1.015,-0.619,0.536
Obesity,0.74,0.161,4.583,0.0
Hypertension,0.437,0.182,2.404,0.016
Hypothyroid,-0.3,0.299,-1.005,0.315
Disease Count,-0.216,0.734,-0.295,0.768
Acute Care 2 Months,-0.008,0.368,-0.022,0.982
Acute Care 6 Months,0.026,0.755,0.034,0.973
Inpatient Visits 6 Months,-0.001,0.676,-0.001,0.999
Emergency Vistits 6 Months,-0.076,0.724,-0.105,0.916
Line of Bussiness,-0.611,0.223,-2.743,0.006
Treatment,0.224,0.194,1.157,0.247
