,0
MBR_GNDR,0.0018614264077917737
AGE_AT_MIDMONTH,0.02884871079893063
ALLOW_AMT,0.010395065833448465
ALLOW_ER,0.006517041721207665
ALLOW_IP,0.004365007957332819
CC_ADHD,0.06837809601763618
CC_ALZHEIMER,0.04972282198435978
CC_ALZHEIMER_PLUS,0.0911482443389382
CC_AMI,0.004706389411733065
CC_ANEMIA,0.027808049464343038
CC_ANXIETY_DISORDER,0.017431959810280208
CC_ARTHRITIS,0.03290015083335417
CC_ASTHMA,0.05592921556340538
CC_ATRIAL_FIB,0.0007478899510107017
CC_AUTISM,0.010294636084631086
CC_BIPOLAR,0.007244237254180672
CC_BPH,0.01834040749369207
CC_BREAST_CANCER,0.04406277450581277
CC_CATARACT,0.033703297753055285
CC_CEREBRAL_PALSY,0.01620397000241498
CC_CHRONIC_KIDNEY,0.04017465765996781
CC_COLORECTAL_CANCER,0.03306066821964779
CC_COPD,0.00458646818524223
CC_CYSTIC_FIBROSIS,0.03792506527010233
CC_DEPRESSION,0.05140608309305916
CC_DEPRESSIVE_DISORDERS,0.0018086978780233055
CC_DEVELOP_DELAYS,0.03472388310593981
CC_DIABETES,0.16151905676937636
CC_DISAB_DX_CNT,0.009966917584826936
CC_DX_CNT,0.1770213952399107
CC_ENDOMETRIAL_CANCER,0.02402802444616672
CC_EPILEPSY,0.05885552277379545
CC_FIBROMYALGIA,0.020333737884604557
CC_GLAUCOMA,0.000960771332310339
CC_HEARING_IMPAIR,0.024515730585327227
CC_HEART_FAILURE,0.020238700368119675
CC_HEPATITIS_A,
CC_HEPATITIS_B_ACUTE,0.015240728786442172
CC_HEPATITIS_B_CHRONIC,0.021042188947010442
CC_HEPATITIS_C_ACUTE,0.008889371781459642
CC_HEPATITIS_C_CHRONIC,0.009091339198612929
CC_HEPATITIS_C_UNSPECIFIED,0.014543185114942125
CC_HEPATITIS_D,
CC_HEPATITIS_E,
CC_HEPATITIS_GEN,0.0036208176129245095
CC_HIP_FRACTURE,0.042881851503102766
CC_HYPERLIPIDEMIA,0.09604165198613795
CC_HYPERTENSION,0.13873405330246297
CC_HYPOTHYROID,0.02781583708983028
CC_INT_DISAB,0.04974577896632083
CC_ISCHEMIC,0.005279459754762953
CC_LEARN_DISAB,0.01588384997630959
CC_LEUKEMIAS,0.014782544091396593
CC_LIVER,0.03734312270202991
CC_LUNG_CANCER,0.013727329206418035
CC_MIGRAINE,0.07000610784835681
CC_MOBILITY_IMPAIR,0.001883083840817691
CC_MULTIPLE_SCLEROSIS,0.044561919447535354
CC_MUSCULAR_DYSTROPHY,
CC_OBESITY,0.4080116665970961
CC_OSTEOPOROSIS,0.06293999247801375
CC_PERIPHERAL,0.0066284666574113115
CC_PERSONALITY,0.0028354810689847007
CC_PRESSURE,0.014661045168620627
CC_PROSTATE_CANCER,0.021249902760032656
CC_PTSD,0.040374735350203535
CC_SCHIZOPHRENIA,0.04748689564827204
CC_SCHIZOPHRENIA_OTHER,0.0701321785534497
CC_SPINAL_CORD,0.017934866676314894
CC_SPINA_BIFIDA,0.024119524886279935
CC_STROKE,0.01452010052107274
CC_TOBACCO,0.12112495186987991
CC_TRAUMATIC_BRAIN,0.004571667168686348
CC_VISUAL_IMPAIR,0.012647635686634658
LOB,0.009107004486814042
PREGNANCY,0.018080625185024398
IP_BIN,0.02092333947769203
ER_BIN,0.007362549152260508
ACUTE,0.016026545957644082
IP_C,0.00688704355226832
ER_C,0.017700883745384324
ACUTE_C,0.017171713695478562
IP_BIN6,0.03587048951148911
ER_BIN6,0.0008216013516474344
ACUTE6,0.01631254900212075
IP_BIN2,0.029187106536017526
ER_BIN2,0.005926447129330497
ACUTE2,0.018463364175949966
HasPast,0.18864067024327552
