,0
MBR_GNDR,0.0035097537442994164
AGE_AT_MIDMONTH,0.3119167418884726
ALLOW_AMT,0.5205748227203894
ALLOW_ER,0.9396796799828498
ALLOW_IP,0.19586594178988503
CC_ADHD,1.9498564625491048
CC_ALZHEIMER,0.3974761602042596
CC_ALZHEIMER_PLUS,0.437619104573968
CC_AMI,0.08949024292523426
CC_ANEMIA,0.45519242424759937
CC_ANXIETY_DISORDER,0.1479289586280121
CC_ARTHRITIS,5.560696959997053
CC_ASTHMA,0.7260422895715686
CC_ATRIAL_FIB,0.004835159880748324
CC_AUTISM,0.10884763094209443
CC_BIPOLAR,0.24317485089997823
CC_BPH,0.12041383692828961
CC_BREAST_CANCER,0.625638867230701
CC_CATARACT,0.4718605211231398
CC_CEREBRAL_PALSY,1.1510128177998034
CC_CHRONIC_KIDNEY,0.13581286344344162
CC_COLORECTAL_CANCER,0.6863809491944896
CC_COPD,0.03246915837993079
CC_CYSTIC_FIBROSIS,1.347408037998888
CC_DEPRESSION,0.7339797342801462
CC_DEPRESSIVE_DISORDERS,0.029264955869420756
CC_DEVELOP_DELAYS,0.6225640480047125
CC_DIABETES,0.36663089746992156
CC_DISAB_DX_CNT,0.07480149057621854
CC_DX_CNT,1.5236974682606386
CC_ENDOMETRIAL_CANCER,1.7563476421091224
CC_EPILEPSY,1.0800831708975547
CC_FIBROMYALGIA,4.972713138549947
CC_GLAUCOMA,0.01340715037566845
CC_HEARING_IMPAIR,0.328719880876878
CC_HEART_FAILURE,0.1432690070094992
CC_HEPATITIS_A,
CC_HEPATITIS_B_ACUTE,11.69853101685095
CC_HEPATITIS_B_CHRONIC,1.1041692722872936
CC_HEPATITIS_C_ACUTE,0.371011146755062
CC_HEPATITIS_C_CHRONIC,0.14060927257509684
CC_HEPATITIS_C_UNSPECIFIED,0.327962685843898
CC_HEPATITIS_D,
CC_HEPATITIS_E,
CC_HEPATITIS_GEN,0.05336800296255089
CC_HIP_FRACTURE,0.7000373508758431
CC_HYPERLIPIDEMIA,0.7074364486537721
CC_HYPERTENSION,1.5356285454462844
CC_HYPOTHYROID,0.9866294698688036
CC_INT_DISAB,0.7265060690432087
CC_ISCHEMIC,0.02726436054053821
CC_LEARN_DISAB,0.28735914338589014
CC_LEUKEMIAS,1.1878038282517278
CC_LIVER,1.3088018044837788
CC_LUNG_CANCER,0.28518879254397356
CC_MIGRAINE,0.39543420876654445
CC_MOBILITY_IMPAIR,0.030511527450335904
CC_MULTIPLE_SCLEROSIS,0.6779827327658282
CC_MUSCULAR_DYSTROPHY,
CC_OBESITY,0.852604985535385
CC_OSTEOPOROSIS,0.7177988644958009
CC_PERIPHERAL,0.03262408132717545
CC_PERSONALITY,0.613456321613743
CC_PRESSURE,0.10978944144955029
CC_PROSTATE_CANCER,0.21187590127436887
CC_PTSD,0.9132982564791813
CC_SCHIZOPHRENIA,0.545373053627031
CC_SCHIZOPHRENIA_OTHER,0.5804567298260119
CC_SPINAL_CORD,0.362253816901702
CC_SPINA_BIFIDA,3.826285353156683
CC_STROKE,0.234980838730515
CC_TOBACCO,0.7807279817088195
CC_TRAUMATIC_BRAIN,0.5432170720314301
CC_VISUAL_IMPAIR,0.26640819551845873
LOB,0.020915274906007513
PREGNANCY,0.5596016712710905
IP_BIN,0.3009885847012926
ER_BIN,0.11495303989886684
ACUTE,0.18423008009875455
IP_C,0.08955805840252125
ER_C,2.391994778354634
ACUTE_C,1.0017692856089273
IP_BIN6,0.2616853121517528
ER_BIN6,0.00731856971883266
ACUTE6,0.1054138577215779
IP_BIN2,0.31575546166341406
ER_BIN2,0.07249283503695657
ACUTE2,0.16518950244022224
HasPast,0.7925736672067801
