,0
MBR_GNDR,0.002637081699868832
AGE_AT_MIDMONTH,0.02860986048220311
ALLOW_AMT,0.016832238469124686
ALLOW_ER,0.005881353824598007
ALLOW_IP,0.0056545813026297985
CC_ADHD,0.07496795165760568
CC_ALZHEIMER,0.037080115103848184
CC_ALZHEIMER_PLUS,0.0790121136315943
CC_AMI,0.021178364934183323
CC_ANEMIA,0.021173653574198367
CC_ANXIETY_DISORDER,0.04117752332430405
CC_ARTHRITIS,0.03689267686843774
CC_ASTHMA,0.09324267961408991
CC_ATRIAL_FIB,0.0033104565330960437
CC_AUTISM,0.046095905842914335
CC_BIPOLAR,0.010219905002723037
CC_BPH,0.02659041094620791
CC_BREAST_CANCER,0.03339888487726461
CC_CATARACT,0.0432135398230226
CC_CEREBRAL_PALSY,0.02186994536140989
CC_CHRONIC_KIDNEY,0.0030942201693489545
CC_COLORECTAL_CANCER,0.04383569143473324
CC_COPD,0.018002283946415617
CC_CYSTIC_FIBROSIS,0.03334195531674778
CC_DEPRESSION,0.048746178150261874
CC_DEPRESSIVE_DISORDERS,0.005622710131205977
CC_DEVELOP_DELAYS,0.034612883338209825
CC_DIABETES,0.13881093021849297
CC_DISAB_DX_CNT,0.0010663129478693874
CC_DX_CNT,0.17832891620184765
CC_ENDOMETRIAL_CANCER,0.0009153667757679318
CC_EPILEPSY,0.01265296222071988
CC_FIBROMYALGIA,0.0071235982113103105
CC_GLAUCOMA,0.001439264331071867
CC_HEARING_IMPAIR,0.020280191150362458
CC_HEART_FAILURE,0.010135876018242689
CC_HEPATITIS_A,
CC_HEPATITIS_B_ACUTE,0.026160725170311438
CC_HEPATITIS_B_CHRONIC,0.022203603230400257
CC_HEPATITIS_C_ACUTE,
CC_HEPATITIS_C_CHRONIC,0.008000482269096495
CC_HEPATITIS_C_UNSPECIFIED,0.009588891431260781
CC_HEPATITIS_D,
CC_HEPATITIS_E,
CC_HEPATITIS_GEN,0.003907158802069552
CC_HIP_FRACTURE,0.03133533976455825
CC_HYPERLIPIDEMIA,0.08307239612940594
CC_HYPERTENSION,0.13311805623206363
CC_HYPOTHYROID,0.004933128048122456
CC_INT_DISAB,0.05078209602230473
CC_ISCHEMIC,0.006976150843227056
CC_LEARN_DISAB,0.029915719286473685
CC_LEUKEMIAS,0.014238226095119263
CC_LIVER,0.04266798281092795
CC_LUNG_CANCER,0.009590103277147526
CC_MIGRAINE,0.07744819567755465
CC_MOBILITY_IMPAIR,0.003555990902883632
CC_MULTIPLE_SCLEROSIS,0.041215099189972626
CC_MUSCULAR_DYSTROPHY,0.022593572842821506
CC_OBESITY,0.40726844440797494
CC_OSTEOPOROSIS,0.06693532501158968
CC_PERIPHERAL,0.010078510691192913
CC_PERSONALITY,0.012747601918094521
CC_PRESSURE,0.016744018163639858
CC_PROSTATE_CANCER,0.02487161347680654
CC_PTSD,0.04557821366667184
CC_SCHIZOPHRENIA,0.026501250270701316
CC_SCHIZOPHRENIA_OTHER,0.06476633670410789
CC_SPINAL_CORD,0.025083071557393758
CC_SPINA_BIFIDA,0.019276663595203258
CC_STROKE,0.017682174309713944
CC_TOBACCO,0.09796947998237172
CC_TRAUMATIC_BRAIN,0.0004734061244426538
CC_VISUAL_IMPAIR,0.02761266554014372
LOB,0.007784718755856215
PREGNANCY,0.02733676192597046
IP_BIN,0.01648271391325475
ER_BIN,0.006199254439129216
ACUTE,0.012006670672161796
IP_C,0.012513813164686999
ER_C,0.02438779775954951
ACUTE_C,0.023976745816365587
IP_BIN6,0.02702991126718172
ER_BIN6,0.0022988722328544154
ACUTE6,0.008507847702664321
IP_BIN2,0.022625732391180698
ER_BIN2,0.00536805739307888
ACUTE2,0.013645582218510347
HasPast,0.18432369153309522
