,0
MBR_GNDR,0.00497226607046904
AGE_AT_MIDMONTH,0.30933425516620844
ALLOW_AMT,0.8429421898278681
ALLOW_ER,0.8480210678688183
ALLOW_IP,0.2537314715329427
CC_ADHD,2.137771501943388
CC_ALZHEIMER,0.2964124155311519
CC_ALZHEIMER_PLUS,0.37935135963100114
CC_AMI,0.40269872654277994
CC_ANEMIA,0.3465934104071797
CC_ANXIETY_DISORDER,0.34943564639546193
CC_ARTHRITIS,6.235503209319492
CC_ASTHMA,1.2104251402570556
CC_ATRIAL_FIB,0.021402328770637725
CC_AUTISM,0.4873829541795674
CC_BIPOLAR,0.34306218695624385
CC_BPH,0.17457918580239395
CC_BREAST_CANCER,0.47422434777964023
CC_CATARACT,0.60500796004802
CC_CEREBRAL_PALSY,1.5534827225557999
CC_CHRONIC_KIDNEY,0.01046019868745458
CC_COLORECTAL_CANCER,0.9100839491709916
CC_COPD,0.12744425231978
CC_CYSTIC_FIBROSIS,1.184578543937322
CC_DEPRESSION,0.6960014210989888
CC_DEPRESSIVE_DISORDERS,0.09097614690415845
CC_DEVELOP_DELAYS,0.6205739346146079
CC_DIABETES,0.3150858910556108
CC_DISAB_DX_CNT,0.008002654506020657
CC_DX_CNT,1.5349518501205317
CC_ENDOMETRIAL_CANCER,0.06690946573185794
CC_EPILEPSY,0.2321999858726391
CC_FIBROMYALGIA,1.7421101137511092
CC_GLAUCOMA,0.02008431420472841
CC_HEARING_IMPAIR,0.27192752816011906
CC_HEART_FAILURE,0.07175148927015527
CC_HEPATITIS_A,
CC_HEPATITIS_B_ACUTE,20.080539396544488
CC_HEPATITIS_B_CHRONIC,1.1651134053973995
CC_HEPATITIS_C_ACUTE,
CC_HEPATITIS_C_CHRONIC,0.12373776486958614
CC_HEPATITIS_C_UNSPECIFIED,0.21623864120595976
CC_HEPATITIS_D,
CC_HEPATITIS_E,
CC_HEPATITIS_GEN,0.057588446813698166
CC_HIP_FRACTURE,0.5115429364328781
CC_HYPERLIPIDEMIA,0.6119057688369267
CC_HYPERTENSION,1.4734658304735877
CC_HYPOTHYROID,0.17497835837892023
CC_INT_DISAB,0.7416408331632965
CC_ISCHEMIC,0.03602646873164053
CC_LEARN_DISAB,0.5412135899517687
CC_LEUKEMIAS,1.1440669047717695
CC_LIVER,1.4954275072874332
CC_LUNG_CANCER,0.19923686048871017
CC_MIGRAINE,0.4374713424218624
CC_MOBILITY_IMPAIR,0.05761756948610707
CC_MULTIPLE_SCLEROSIS,0.6270628807390343
CC_MUSCULAR_DYSTROPHY,0.7526979711000974
CC_OBESITY,0.8510519050828328
CC_OSTEOPOROSIS,0.7633636166187969
CC_PERIPHERAL,0.04960455704769218
CC_PERSONALITY,2.7579436405374054
CC_PRESSURE,0.12538781380619
CC_PROSTATE_CANCER,0.2479868063894155
CC_PTSD,1.0310037382077142
CC_SCHIZOPHRENIA,0.304359078178497
CC_SCHIZOPHRENIA_OTHER,0.5360457464960309
CC_SPINAL_CORD,0.5066354032775789
CC_SPINA_BIFIDA,3.0580210812531847
CC_STROKE,0.28615312572015034
CC_TOBACCO,0.6314761178016186
CC_TRAUMATIC_BRAIN,0.056251314742009076
CC_VISUAL_IMPAIR,0.5816296881304144
LOB,0.017878494853102424
PREGNANCY,0.8460823397624314
IP_BIN,0.23710883905871086
ER_BIN,0.09679027306264609
ACUTE,0.1380203760372144
IP_C,0.16272770772186548
ER_C,3.295625559465233
ACUTE_C,1.3987635686012987
IP_BIN6,0.19719080680850704
ER_BIN6,0.02047764001008272
ACUTE6,0.05497884157337481
IP_BIN2,0.24477241578688266
ER_BIN2,0.065662561493119
ACUTE2,0.12208538572396388
HasPast,0.7744358836462747
