,Coefficient,Standard Error,z-statistic,p-value
Age,-0.634,0.144,-4.396,0.0
Total Cost,0.054,0.01,5.579,0.0
Gender,0.071,0.061,1.161,0.246
Tobacco Use,0.169,0.075,2.244,0.025
Pressure,0.477,0.324,1.471,0.141
Obesity,0.037,0.055,0.685,0.493
Hypertension,0.034,0.061,0.552,0.581
Hypothyroid,0.046,0.082,0.561,0.575
Disease Count,1.921,0.249,7.716,0.0
Acute Care 2 Months,1.215,0.099,12.331,0.0
Acute Care 6 Months,0.781,0.243,3.218,0.001
Inpatient Visits 6 Months,-0.485,0.211,-2.306,0.021
Emergency Vistits 6 Months,-0.239,0.229,-1.043,0.297
Line of Bussiness,-0.64,0.087,-7.353,0.0
Treatment,-0.203,0.066,-3.069,0.002
