,Coefficient,Standard Error,z-statistic,p-value
Age,0.728,0.483,1.506,0.132
Total Cost,0.044,0.031,1.435,0.151
Gender,0.243,0.176,1.38,0.167
Tobacco Use,0.238,0.231,1.028,0.304
Pressure,-14.249,1210.26,-0.012,0.991
Obesity,0.613,0.163,3.766,0.0
Hypertension,0.611,0.179,3.407,0.001
Hypothyroid,-0.051,0.256,-0.2,0.841
Disease Count,0.851,0.718,1.185,0.236
Acute Care 2 Months,0.799,0.398,2.01,0.044
Acute Care 6 Months,0.079,1.17,0.068,0.946
Inpatient Visits 6 Months,-0.426,1.063,-0.401,0.689
Emergency Vistits 6 Months,-0.369,1.117,-0.331,0.741
Line of Bussiness,-0.7,0.294,-2.381,0.017
Treatment,-0.021,0.187,-0.112,0.911
