,0
MBR_GNDR,0.0018035566465516059
AGE_AT_MIDMONTH,0.02828850555653078
ALLOW_AMT,0.024038924855331482
ALLOW_ER,0.006888403573528662
ALLOW_IP,0.001464476455086865
CC_ADHD,0.07304496149646543
CC_ALZHEIMER,0.04747689772447346
CC_ALZHEIMER_PLUS,0.08515904731961853
CC_AMI,0.01937011690947099
CC_ANEMIA,0.015437417943166418
CC_ANXIETY_DISORDER,0.04279318261051479
CC_ARTHRITIS,0.03562962099246427
CC_ASTHMA,0.09254315312990379
CC_ATRIAL_FIB,0.004361674954928644
CC_AUTISM,0.016525474290920092
CC_BIPOLAR,0.014478092918961828
CC_BPH,0.015646107910046114
CC_BREAST_CANCER,0.038655648045636135
CC_CATARACT,0.023244999229600993
CC_CEREBRAL_PALSY,0.0386931446712037
CC_CHRONIC_KIDNEY,0.0294430052983383
CC_COLORECTAL_CANCER,0.008086049963923501
CC_COPD,0.002135454636267056
CC_CYSTIC_FIBROSIS,0.027101431491240776
CC_DEPRESSION,0.063959016031866
CC_DEPRESSIVE_DISORDERS,0.006551310016419602
CC_DEVELOP_DELAYS,0.03266615510255197
CC_DIABETES,0.17628618308671629
CC_DISAB_DX_CNT,0.011035245790204314
CC_DX_CNT,0.1892968726227492
CC_ENDOMETRIAL_CANCER,0.007982062976410229
CC_EPILEPSY,0.021690670050154227
CC_FIBROMYALGIA,0.01698584652927282
CC_GLAUCOMA,0.011558787989934049
CC_HEARING_IMPAIR,0.004922609387683844
CC_HEART_FAILURE,0.022908058643184983
CC_HEPATITIS_A,0.009937589166971584
CC_HEPATITIS_B_ACUTE,0.008972785501354998
CC_HEPATITIS_B_CHRONIC,0.015631744550549408
CC_HEPATITIS_C_ACUTE,
CC_HEPATITIS_C_CHRONIC,0.003922227141785653
CC_HEPATITIS_C_UNSPECIFIED,0.01213070650563373
CC_HEPATITIS_D,
CC_HEPATITIS_E,
CC_HEPATITIS_GEN,0.0009248342954854502
CC_HIP_FRACTURE,0.020367606582272876
CC_HYPERLIPIDEMIA,0.07963457914151466
CC_HYPERTENSION,0.1445518056923121
CC_HYPOTHYROID,0.011802909016391265
CC_INT_DISAB,0.0292473878983444
CC_ISCHEMIC,0.012430572978609708
CC_LEARN_DISAB,0.029353340869495554
CC_LEUKEMIAS,0.01953455436252037
CC_LIVER,0.03317080996381173
CC_LUNG_CANCER,0.01720261400991617
CC_MIGRAINE,0.08403288251180469
CC_MOBILITY_IMPAIR,0.013043989179742428
CC_MULTIPLE_SCLEROSIS,0.026783331835455886
CC_MUSCULAR_DYSTROPHY,0.033855070211814706
CC_OBESITY,0.39970778815264735
CC_OSTEOPOROSIS,0.0649631661946972
CC_PERIPHERAL,0.006360654361831911
CC_PERSONALITY,0.010945590601592179
CC_PRESSURE,0.023738130961477717
CC_PROSTATE_CANCER,0.015536868503039444
CC_PTSD,0.02400831982877269
CC_SCHIZOPHRENIA,0.02880944595663024
CC_SCHIZOPHRENIA_OTHER,0.05709393072815406
CC_SPINAL_CORD,0.005125429180862058
CC_SPINA_BIFIDA,0.026772059822162967
CC_STROKE,0.012288879822164601
CC_TOBACCO,0.11054811910167485
CC_TRAUMATIC_BRAIN,0.0033457467710979885
CC_VISUAL_IMPAIR,0.021853126600090134
LOB,0.005187052692701364
PREGNANCY,0.022752582205029653
IP_BIN,0.010606201849934589
ER_BIN,0.001148899438016006
ACUTE,0.005250497014038412
IP_C,0.02750267484342502
ER_C,0.025737551217350146
ACUTE_C,0.033372247685922715
IP_BIN6,0.01559378032325829
ER_BIN6,0.006926697124333661
ACUTE6,2.1958581091700927e-05
IP_BIN2,0.014061714543957193
ER_BIN2,0.00038401000902815236
ACUTE2,0.005212215184363996
HasPast,0.17792522076749753
