,0
MBR_GNDR,0.0034006392446102552
AGE_AT_MIDMONTH,0.3058597157975639
ALLOW_AMT,1.2038460597994622
ALLOW_ER,0.9932256294297052
ALLOW_IP,0.06571375422645771
CC_ADHD,2.0829358892034464
CC_ALZHEIMER,0.3795226065783208
CC_ALZHEIMER_PLUS,0.4088638931519519
CC_AMI,0.3683155633907548
CC_ANEMIA,0.25269646138553153
CC_ANXIETY_DISORDER,0.3631462560060855
CC_ARTHRITIS,6.022024827247405
CC_ASTHMA,1.2013442725016574
CC_ATRIAL_FIB,0.028198528040703632
CC_AUTISM,0.17472776230006962
CC_BIPOLAR,0.48600121218459014
CC_BPH,0.10272442894688645
CC_BREAST_CANCER,0.5488641177633975
CC_CATARACT,0.3254398881187286
CC_CEREBRAL_PALSY,2.748481111165973
CC_CHRONIC_KIDNEY,0.099533862660199
CC_COLORECTAL_CANCER,0.16787654177459965
CC_COPD,0.015117605093438713
CC_CYSTIC_FIBROSIS,0.9628641736672607
CC_DEPRESSION,0.9132114093755389
CC_DEPRESSIVE_DISORDERS,0.10600100815452133
CC_DEVELOP_DELAYS,0.5856710694293225
CC_DIABETES,0.40015068691810096
CC_DISAB_DX_CNT,0.08281926954416133
CC_DX_CNT,1.6293576557457317
CC_ENDOMETRIAL_CANCER,0.5834552698743062
CC_EPILEPSY,0.3980548737406517
CC_FIBROMYALGIA,4.153970248109679
CC_GLAUCOMA,0.16129791088672826
CC_HEARING_IMPAIR,0.06600495000101322
CC_HEART_FAILURE,0.16216529493634732
CC_HEPATITIS_A,0.7075013597257576
CC_HEPATITIS_B_ACUTE,6.887361553768322
CC_HEPATITIS_B_CHRONIC,0.820261240331331
CC_HEPATITIS_C_ACUTE,
CC_HEPATITIS_C_CHRONIC,0.06066229553561535
CC_HEPATITIS_C_UNSPECIFIED,0.2735589938055682
CC_HEPATITIS_D,
CC_HEPATITIS_E,
CC_HEPATITIS_GEN,0.013631329908791297
CC_HIP_FRACTURE,0.3324969621356957
CC_HYPERLIPIDEMIA,0.5865830365562863
CC_HYPERTENSION,1.6000244628690479
CC_HYPOTHYROID,0.41864991616626157
CC_INT_DISAB,0.42713985494515655
CC_ISCHEMIC,0.06419437578031204
CC_LEARN_DISAB,0.5310394457485322
CC_LEUKEMIAS,1.5696363434828113
CC_LIVER,1.162570583162971
CC_LUNG_CANCER,0.3573887275752301
CC_MIGRAINE,0.47466538888874166
CC_MOBILITY_IMPAIR,0.21135120236960647
CC_MULTIPLE_SCLEROSIS,0.4074922430519476
CC_MUSCULAR_DYSTROPHY,1.127871312658754
CC_OBESITY,0.835252716616055
CC_OSTEOPOROSIS,0.7408721401562711
CC_PERIPHERAL,0.031305958967514654
CC_PERSONALITY,2.3680784970809214
CC_PRESSURE,0.1777633251478562
CC_PROSTATE_CANCER,0.15491308615558944
CC_PTSD,0.5430811236389224
CC_SCHIZOPHRENIA,0.3308680279091287
CC_SCHIZOPHRENIA_OTHER,0.47254423015135355
CC_SPINAL_CORD,0.10352495602761541
CC_SPINA_BIFIDA,4.24707952807341
CC_STROKE,0.19887267884130333
CC_TOBACCO,0.7125535125138736
CC_TRAUMATIC_BRAIN,0.3975501053976997
CC_VISUAL_IMPAIR,0.4603114896896235
LOB,0.011912658347415481
PREGNANCY,0.7042003745652166
IP_BIN,0.15257343060708098
ER_BIN,0.01793801035575981
ACUTE,0.06035607971992252
IP_C,0.35764056683535367
ER_C,3.47802341425975
ACUTE_C,1.946881558611921
IP_BIN6,0.11376101433493659
ER_BIN6,0.06170086712251077
ACUTE6,0.00014189926679560375
IP_BIN2,0.15212412926670935
ER_BIN2,0.0046972450153559145
ACUTE2,0.04663306343910968
HasPast,0.7475527124156747
