,Coefficient,Standard Error,z-statistic,p-value
Age,-1.335,0.144,-9.266,0.0
Total Cost,0.089,0.01,8.742,0.0
Gender,-0.005,0.06,-0.081,0.935
Tobacco Use,0.045,0.067,0.669,0.504
Pressure,0.235,0.295,0.798,0.425
Obesity,-0.085,0.052,-1.627,0.104
Hypertension,0.226,0.057,3.941,0.0
Hypothyroid,-0.019,0.083,-0.232,0.817
Disease Count,0.831,0.209,3.971,0.0
Acute Care 2 Months,1.296,0.093,13.966,0.0
Acute Care 6 Months,0.265,0.168,1.571,0.116
Inpatient Visits 6 Months,-0.058,0.135,-0.426,0.67
Emergency Vistits 6 Months,0.065,0.16,0.405,0.685
Line of Bussiness,-0.516,0.058,-8.942,0.0
Treatment,-0.338,0.068,-4.93,0.0
