,Coefficient,Standard Error,z-statistic,p-value
Age,-1.316,0.136,-9.705,0.0
Total Cost,0.073,0.009,7.761,0.0
Gender,-0.049,0.057,-0.86,0.39
Tobacco Use,-0.074,0.068,-1.086,0.278
Pressure,1.031,0.295,3.497,0.0
Obesity,-0.124,0.05,-2.497,0.013
Hypertension,-0.023,0.056,-0.415,0.678
Hypothyroid,-0.066,0.078,-0.838,0.402
Disease Count,1.662,0.207,8.047,0.0
Acute Care 2 Months,1.135,0.086,13.222,0.0
Acute Care 6 Months,0.462,0.159,2.904,0.004
Inpatient Visits 6 Months,-0.309,0.126,-2.451,0.014
Emergency Vistits 6 Months,0.033,0.149,0.223,0.824
Line of Bussiness,-0.454,0.057,-7.901,0.0
Treatment,-0.24,0.063,-3.792,0.0
