,Coefficient,Standard Error,z-statistic,p-value
Age,1.849,0.375,4.928,0.0
Total Cost,0.06,0.024,2.444,0.015
Gender,0.147,0.135,1.089,0.276
Tobacco Use,-0.067,0.185,-0.36,0.718
Pressure,-0.548,1.009,-0.543,0.587
Obesity,0.554,0.123,4.515,0.0
Hypertension,0.149,0.134,1.108,0.268
Hypothyroid,-0.064,0.188,-0.342,0.733
Disease Count,1.141,0.527,2.164,0.03
Acute Care 2 Months,-0.052,0.292,-0.179,0.858
Acute Care 6 Months,-0.846,0.41,-2.062,0.039
Inpatient Visits 6 Months,0.61,0.282,2.163,0.031
Emergency Vistits 6 Months,0.911,0.366,2.492,0.013
Line of Bussiness,-0.431,0.168,-2.567,0.01
Treatment,0.702,0.125,5.613,0.0
