,Coefficient,Standard Error,z-statistic,p-value
Age,-0.989,0.165,-5.985,0.0
Total Cost,0.061,0.011,5.365,0.0
Gender,0.015,0.069,0.212,0.832
Tobacco Use,0.112,0.075,1.486,0.137
Pressure,-0.033,0.413,-0.081,0.936
Obesity,-0.048,0.06,-0.787,0.431
Hypertension,0.227,0.066,3.436,0.001
Hypothyroid,-0.132,0.099,-1.337,0.181
Disease Count,0.731,0.242,3.024,0.002
Acute Care 2 Months,1.19,0.104,11.439,0.0
Acute Care 6 Months,-0.407,0.192,-2.118,0.034
Inpatient Visits 6 Months,-0.077,0.142,-0.541,0.589
Emergency Vistits 6 Months,0.849,0.182,4.678,0.0
Line of Bussiness,-0.716,0.065,-11.052,0.0
Treatment,-0.263,0.079,-3.332,0.001
