,Coefficient,Standard Error,z-statistic,p-value
Age,-1.883,0.222,-8.495,0.0
Total Cost,0.139,0.017,8.365,0.0
Gender,-0.054,0.093,-0.585,0.559
Tobacco Use,0.014,0.103,0.139,0.889
Pressure,0.705,0.342,2.062,0.039
Obesity,-0.085,0.079,-1.073,0.283
Hypertension,0.295,0.089,3.307,0.001
Hypothyroid,0.015,0.122,0.12,0.904
Disease Count,1.158,0.305,3.799,0.0
Acute Care 2 Months,0.637,0.137,4.657,0.0
Acute Care 6 Months,0.317,0.2,1.585,0.113
Inpatient Visits 6 Months,0.416,0.166,2.502,0.012
Emergency Vistits 6 Months,-0.388,0.182,-2.135,0.033
Line of Bussiness,-0.185,0.092,-2.011,0.044
Treatment,-0.394,0.108,-3.659,0.0
