,0
MBR_GNDR,0.004999280043775629
AGE_AT_MIDMONTH,0.02508679580388257
ALLOW_AMT,0.00640003616853971
ALLOW_ER,0.00182159009713475
ALLOW_IP,0.0033729130693499094
CC_ADHD,0.08157680286983164
CC_ALZHEIMER,0.05498180151995596
CC_ALZHEIMER_PLUS,0.09633902139451797
CC_AMI,0.011291603264911984
CC_ANEMIA,0.01601060878897864
CC_ANXIETY_DISORDER,0.021014422288012844
CC_ARTHRITIS,0.02228687016029665
CC_ASTHMA,0.06104057488643295
CC_ATRIAL_FIB,0.011533336067694005
CC_AUTISM,0.049696215718310566
CC_BIPOLAR,0.001069768946521241
CC_BPH,0.023734925690875628
CC_BREAST_CANCER,0.03889660312346555
CC_CATARACT,0.026745098878206627
CC_CEREBRAL_PALSY,0.01049004363054601
CC_CHRONIC_KIDNEY,0.018318064050675324
CC_COLORECTAL_CANCER,0.018676598135975813
CC_COPD,0.0089417307575853
CC_CYSTIC_FIBROSIS,0.027211013139423878
CC_DEPRESSION,0.04873759134855409
CC_DEPRESSIVE_DISORDERS,0.022537731209174374
CC_DEVELOP_DELAYS,0.02628175028528467
CC_DIABETES,0.16768545796749296
CC_DISAB_DX_CNT,0.038730593990636934
CC_DX_CNT,0.1757650003987273
CC_ENDOMETRIAL_CANCER,0.018153661375323968
CC_EPILEPSY,0.027069214549260673
CC_FIBROMYALGIA,0.043392546971920985
CC_GLAUCOMA,0.012637513264129005
CC_HEARING_IMPAIR,0.005289192109638878
CC_HEART_FAILURE,0.0347597515383786
CC_HEPATITIS_A,
CC_HEPATITIS_B_ACUTE,0.02110064421904552
CC_HEPATITIS_B_CHRONIC,0.018219848458273305
CC_HEPATITIS_C_ACUTE,
CC_HEPATITIS_C_CHRONIC,0.0054518326035408755
CC_HEPATITIS_C_UNSPECIFIED,0.004059142230893395
CC_HEPATITIS_D,
CC_HEPATITIS_E,
CC_HEPATITIS_GEN,0.001110375328866796
CC_HIP_FRACTURE,0.03383635301012084
CC_HYPERLIPIDEMIA,0.09805648377405937
CC_HYPERTENSION,0.15557885990262268
CC_HYPOTHYROID,0.029405236229742338
CC_INT_DISAB,0.04932600553819565
CC_ISCHEMIC,0.013797874381949052
CC_LEARN_DISAB,0.033028165459610716
CC_LEUKEMIAS,0.03513957313123816
CC_LIVER,0.019654803144608612
CC_LUNG_CANCER,0.018466039860706024
CC_MIGRAINE,0.06194145457570821
CC_MOBILITY_IMPAIR,0.0048616473244093815
CC_MULTIPLE_SCLEROSIS,0.010988864035947949
CC_MUSCULAR_DYSTROPHY,0.025519546178036426
CC_OBESITY,0.4035820506852345
CC_OSTEOPOROSIS,0.06354337185226165
CC_PERIPHERAL,0.0022244337138500265
CC_PERSONALITY,0.00728182015234428
CC_PRESSURE,0.005572954833817382
CC_PROSTATE_CANCER,0.0013826995478593473
CC_PTSD,0.023976467283889153
CC_SCHIZOPHRENIA,0.05544651254650538
CC_SCHIZOPHRENIA_OTHER,0.08477720363109144
CC_SPINAL_CORD,0.038572800091623984
CC_SPINA_BIFIDA,0.01879740972250901
CC_STROKE,0.020561549615701655
CC_TOBACCO,0.10323758894945882
CC_TRAUMATIC_BRAIN,0.012788123273391504
CC_VISUAL_IMPAIR,0.015558725518393877
LOB,0.01253721114394104
PREGNANCY,0.02350092061206218
IP_BIN,0.013865507484650763
ER_BIN,0.012110539793698277
ACUTE,0.015699890907308098
IP_C,0.017796406340813687
ER_C,0.01103600853319858
ACUTE_C,0.017199161594599173
IP_BIN6,0.024213313272513835
ER_BIN6,0.012139582935105524
ACUTE6,0.019630725292243065
IP_BIN2,0.019302046790471674
ER_BIN2,0.013252772337271094
ACUTE2,0.018735868495399394
HasPast,0.1908149115294785
