,0
MBR_GNDR,0.006730417214747852
AGE_AT_MIDMONTH,0.03378402030311917
ALLOW_AMT,0.004812633598765053
ALLOW_ER,0.008016075403091783
ALLOW_IP,0.002419910440705924
CC_ADHD,0.06239667447959529
CC_ALZHEIMER,0.03684558390385214
CC_ALZHEIMER_PLUS,0.09110239732801825
CC_AMI,0.010325837181300413
CC_ANEMIA,0.02090392617511695
CC_ANXIETY_DISORDER,0.02889307432699238
CC_ARTHRITIS,0.028691783584332525
CC_ASTHMA,0.06290982789102761
CC_ATRIAL_FIB,0.008053050452044833
CC_AUTISM,0.029276878805537112
CC_BIPOLAR,0.0027535298069892907
CC_BPH,0.016894130745038115
CC_BREAST_CANCER,0.051663944235936045
CC_CATARACT,0.016899449286577977
CC_CEREBRAL_PALSY,0.01349800939844653
CC_CHRONIC_KIDNEY,0.04296990956782798
CC_COLORECTAL_CANCER,0.036399816966340676
CC_COPD,0.0032598678005744015
CC_CYSTIC_FIBROSIS,0.04213100763148316
CC_DEPRESSION,0.05097677685773567
CC_DEPRESSIVE_DISORDERS,0.013939641252693806
CC_DEVELOP_DELAYS,0.04071013570915575
CC_DIABETES,0.1693493852446114
CC_DISAB_DX_CNT,0.019646397731853688
CC_DX_CNT,0.18766928115866505
CC_ENDOMETRIAL_CANCER,0.002937373124062239
CC_EPILEPSY,0.03395236723861886
CC_FIBROMYALGIA,0.005683782342645259
CC_GLAUCOMA,0.009122000053083237
CC_HEARING_IMPAIR,0.015726803847651134
CC_HEART_FAILURE,0.03726377658279739
CC_HEPATITIS_A,
CC_HEPATITIS_B_ACUTE,0.009992931116521284
CC_HEPATITIS_B_CHRONIC,0.001839216423249327
CC_HEPATITIS_C_ACUTE,
CC_HEPATITIS_C_CHRONIC,0.003918098962614285
CC_HEPATITIS_C_UNSPECIFIED,0.027776194540749227
CC_HEPATITIS_D,
CC_HEPATITIS_E,
CC_HEPATITIS_GEN,0.001946377541481554
CC_HIP_FRACTURE,0.03343482007136935
CC_HYPERLIPIDEMIA,0.08940656396325654
CC_HYPERTENSION,0.1645621703058302
CC_HYPOTHYROID,0.03776834120271096
CC_INT_DISAB,0.05011779776487502
CC_ISCHEMIC,0.012732189998764154
CC_LEARN_DISAB,0.04080827915342194
CC_LEUKEMIAS,0.006383261644102909
CC_LIVER,0.011186643746868744
CC_LUNG_CANCER,0.025755525754102913
CC_MIGRAINE,0.08578186512666834
CC_MOBILITY_IMPAIR,0.010937272285562587
CC_MULTIPLE_SCLEROSIS,0.03145528223227258
CC_MUSCULAR_DYSTROPHY,0.0063168849620232155
CC_OBESITY,0.40451935410796774
CC_OSTEOPOROSIS,0.045904508513933295
CC_PERIPHERAL,0.005437048245008089
CC_PERSONALITY,0.011621534130458388
CC_PRESSURE,0.02437648587001232
CC_PROSTATE_CANCER,0.010464106019649921
CC_PTSD,0.03672256661160343
CC_SCHIZOPHRENIA,0.04961988825088659
CC_SCHIZOPHRENIA_OTHER,0.06965792836374714
CC_SPINAL_CORD,0.010654687405520162
CC_SPINA_BIFIDA,0.03611232723291903
CC_STROKE,0.0017897481215863864
CC_TOBACCO,0.11016494701922684
CC_TRAUMATIC_BRAIN,0.011511350422333646
CC_VISUAL_IMPAIR,0.015292216346825049
LOB,0.007579311503300084
PREGNANCY,0.018687821949157746
IP_BIN,0.014948340309519638
ER_BIN,0.002994268829642925
ACUTE,0.00898048572510031
IP_C,0.014769541027029924
ER_C,0.028079087059765185
ACUTE_C,0.029515022222168764
IP_BIN6,0.026754379117117703
ER_BIN6,0.005052838451797416
ACUTE6,0.006697395348152765
IP_BIN2,0.020554613771634554
ER_BIN2,0.0009433497747982999
ACUTE2,0.009547769778432837
HasPast,0.18804580736185272
