,0
MBR_GNDR,0.5303581229352984
AGE_AT_MIDMONTH,0.09248849748900503
ALLOW_AMT,0.01996843754203582
ALLOW_ER,0.006935386451398638
ALLOW_IP,0.022285691516575026
CC_ADHD,0.03506827160407668
CC_ALZHEIMER,0.12509636290842613
CC_ALZHEIMER_PLUS,0.20828214167586
CC_AMI,0.05259108990982488
CC_ANEMIA,0.0610907563110431
CC_ANXIETY_DISORDER,0.1178400765607719
CC_ARTHRITIS,0.005916551660706145
CC_ASTHMA,0.0770329998221023
CC_ATRIAL_FIB,0.15467739836039357
CC_AUTISM,0.0945784120015226
CC_BIPOLAR,0.029790240345044332
CC_BPH,0.15231146155249903
CC_BREAST_CANCER,0.07042844812511442
CC_CATARACT,0.07142639878588158
CC_CEREBRAL_PALSY,0.01407801003762006
CC_CHRONIC_KIDNEY,0.2958089288552427
CC_COLORECTAL_CANCER,0.048166646027175616
CC_COPD,0.14125614626577845
CC_CYSTIC_FIBROSIS,0.028146681777575705
CC_DEPRESSION,0.07003746928173146
CC_DEPRESSIVE_DISORDERS,0.06180422366237811
CC_DEVELOP_DELAYS,0.05577559966276267
CC_DIABETES,0.44054949510257085
CC_DISAB_DX_CNT,0.13324490605800432
CC_DX_CNT,0.11617883400566892
CC_ENDOMETRIAL_CANCER,0.013680676803433116
CC_EPILEPSY,0.054491658012675276
CC_FIBROMYALGIA,0.004089063116665908
CC_GLAUCOMA,0.07166111406149102
CC_HEARING_IMPAIR,0.07457939726654256
CC_HEART_FAILURE,0.14126363259276156
CC_HEPATITIS_A,0.014046035432106595
CC_HEPATITIS_B_ACUTE,0.0013027899626447904
CC_HEPATITIS_B_CHRONIC,0.019057031811274203
CC_HEPATITIS_C_ACUTE,0.023959850961912794
CC_HEPATITIS_C_CHRONIC,0.06465675436701666
CC_HEPATITIS_C_UNSPECIFIED,0.04434402370355119
CC_HEPATITIS_D,0.005491505323018255
CC_HEPATITIS_E,0.004041624518492363
CC_HEPATITIS_GEN,0.06784622642644676
CC_HIP_FRACTURE,0.061256519312079094
CC_HYPERLIPIDEMIA,0.1357601126841881
CC_HYPERTENSION,0.09034349726948067
CC_HYPOTHYROID,0.028192789633102153
CC_INT_DISAB,0.06847262684513407
CC_ISCHEMIC,0.19363959579808043
CC_LEARN_DISAB,0.05527525517077219
CC_LEUKEMIAS,0.012445273992048266
CC_LIVER,0.028532297689457184
CC_LUNG_CANCER,0.04813418186586489
CC_MIGRAINE,0.17703604366127781
CC_MOBILITY_IMPAIR,0.06171712785873524
CC_MULTIPLE_SCLEROSIS,0.06572721884190938
CC_MUSCULAR_DYSTROPHY,0.030016784567387794
CC_OBESITY,0.4785471273556876
CC_OSTEOPOROSIS,0.08768472003953964
CC_PERIPHERAL,0.2031771129717569
CC_PERSONALITY,0.004622140108566743
CC_PRESSURE,0.13353784275656028
CC_PROSTATE_CANCER,0.10029409966976413
CC_PTSD,0.04420761242428133
CC_SCHIZOPHRENIA,0.0870723174393345
CC_SCHIZOPHRENIA_OTHER,0.1208224057880617
CC_SPINAL_CORD,0.04950911719773968
CC_SPINA_BIFIDA,0.00630363986480552
CC_STROKE,0.06179270020278098
CC_TOBACCO,0.15514360277540903
CC_TRAUMATIC_BRAIN,0.008415912172255577
CC_VISUAL_IMPAIR,0.047474649426685285
LOB,0.43542360919187484
PREGNANCY,0.03230981269937186
IP_BIN,0.0695153920819183
ER_BIN,0.06404832059019855
ACUTE,0.0869920153595614
IP_C,0.07690032226150222
ER_C,0.007400051164643477
ACUTE_C,0.017141385688462893
IP_BIN6,0.1370749057963468
ER_BIN6,0.11226255719518964
ACUTE6,0.15474767127113329
IP_BIN2,0.09243579313643073
ER_BIN2,0.08175217766430597
ACUTE2,0.11177080809133967
HasPast,0.23801026711887935
