,0
MBR_GNDR,0.009426234515098624
AGE_AT_MIDMONTH,0.271242332668069
ALLOW_AMT,0.32050760882352014
ALLOW_ER,0.2626515638169515
ALLOW_IP,0.15134881800016386
CC_ADHD,2.3262282153748446
CC_ALZHEIMER,0.4395155881566605
CC_ALZHEIMER_PLUS,0.46254095823753333
CC_AMI,0.21470563329782838
CC_ANEMIA,0.26207907310004075
CC_ANXIETY_DISORDER,0.17833001217693023
CC_ARTHRITIS,3.7668681756489044
CC_ASTHMA,0.7923951426972625
CC_ATRIAL_FIB,0.07456380951547742
CC_AUTISM,0.5254498850912248
CC_BIPOLAR,0.035910047523305705
CC_BPH,0.15583151424684233
CC_BREAST_CANCER,0.552285392606787
CC_CATARACT,0.374442773719864
CC_CEREBRAL_PALSY,0.7451368199421593
CC_CHRONIC_KIDNEY,0.0619253249777307
CC_COLORECTAL_CANCER,0.38774960842070005
CC_COPD,0.06330153408518675
CC_CYSTIC_FIBROSIS,0.9667574087224282
CC_DEPRESSION,0.6958788181295235
CC_DEPRESSIVE_DISORDERS,0.364663284701911
CC_DEVELOP_DELAYS,0.47120515860327167
CC_DIABETES,0.3806279653741326
CC_DISAB_DX_CNT,0.2906722300796752
CC_DX_CNT,1.512883150386506
CC_ENDOMETRIAL_CANCER,1.3269563806059925
CC_EPILEPSY,0.49675887166002763
CC_FIBROMYALGIA,10.611855511612129
CC_GLAUCOMA,0.1763510577477905
CC_HEARING_IMPAIR,0.07092028500492707
CC_HEART_FAILURE,0.24606298804862894
CC_HEPATITIS_A,
CC_HEPATITIS_B_ACUTE,16.196505057660374
CC_HEPATITIS_B_CHRONIC,0.9560695830656264
CC_HEPATITIS_C_ACUTE,
CC_HEPATITIS_C_CHRONIC,0.08431961450762239
CC_HEPATITIS_C_UNSPECIFIED,0.09153752618457867
CC_HEPATITIS_D,
CC_HEPATITIS_E,
CC_HEPATITIS_GEN,0.01636605876777204
CC_HIP_FRACTURE,0.5523714600520682
CC_HYPERLIPIDEMIA,0.7222775661814838
CC_HYPERTENSION,1.7220814403338298
CC_HYPOTHYROID,1.0430055561162563
CC_INT_DISAB,0.7203755399914374
CC_ISCHEMIC,0.07125543887385986
CC_LEARN_DISAB,0.5975217184899576
CC_LEUKEMIAS,2.8235274814913756
CC_LIVER,0.6888615616775635
CC_LUNG_CANCER,0.38363672435869334
CC_MIGRAINE,0.34988047233037184
CC_MOBILITY_IMPAIR,0.07877306499967464
CC_MULTIPLE_SCLEROSIS,0.16718893982687677
CC_MUSCULAR_DYSTROPHY,0.8501758781239526
CC_OBESITY,0.8433486016629369
CC_OSTEOPOROSIS,0.7246801018878553
CC_PERIPHERAL,0.010948249442638941
CC_PERSONALITY,1.5754217702851645
CC_PRESSURE,0.04173315008523006
CC_PROSTATE_CANCER,0.013786449575918498
CC_PTSD,0.5423606019202231
CC_SCHIZOPHRENIA,0.636786916635547
CC_SCHIZOPHRENIA_OTHER,0.7016678990799252
CC_SPINAL_CORD,0.7791049866141627
CC_SPINA_BIFIDA,2.9819929636936746
CC_STROKE,0.33275046321371604
CC_TOBACCO,0.6654324580750451
CC_TRAUMATIC_BRAIN,1.5195171969058365
CC_VISUAL_IMPAIR,0.3277270228697758
LOB,0.028793135877977532
PREGNANCY,0.7273617099154235
IP_BIN,0.19945953075128134
ER_BIN,0.18908442379286333
ACUTE,0.18047507972330823
IP_C,0.23142173943428207
ER_C,1.4913421931360766
ACUTE_C,1.003370550501945
IP_BIN6,0.17664293206582782
ER_BIN6,0.10813563523231141
ACUTE6,0.12685635351402533
IP_BIN2,0.20881572100520404
ER_BIN2,0.16210910480807195
ACUTE2,0.16762756586754163
HasPast,0.8017087407165165
