,0
MBR_GNDR,0.012690325505901484
AGE_AT_MIDMONTH,0.3652780747912505
ALLOW_AMT,0.24101202653607298
ALLOW_ER,1.1558224562201873
ALLOW_IP,0.10858583584476662
CC_ADHD,1.7792914114518745
CC_ALZHEIMER,0.2945376112239497
CC_ALZHEIMER_PLUS,0.4373989848337394
CC_AMI,0.19634195068034474
CC_ANEMIA,0.3421782187256739
CC_ANXIETY_DISORDER,0.24518886248424818
CC_ARTHRITIS,4.84940979639957
CC_ASTHMA,0.8166607562513428
CC_ATRIAL_FIB,0.05206352406627291
CC_AUTISM,0.30955138901111795
CC_BIPOLAR,0.0924306005959212
CC_BPH,0.11091831548878553
CC_BREAST_CANCER,0.7335664154370731
CC_CATARACT,0.2365994866581232
CC_CEREBRAL_PALSY,0.9588009500189573
CC_CHRONIC_KIDNEY,0.14526238181557993
CC_COLORECTAL_CANCER,0.7557058663749164
CC_COPD,0.02307770590343619
CC_CYSTIC_FIBROSIS,1.4968374590090647
CC_DEPRESSION,0.7278500691205361
CC_DEPRESSIVE_DISORDERS,0.22554512340196645
CC_DEVELOP_DELAYS,0.7298914929700874
CC_DIABETES,0.3844049014406036
CC_DISAB_DX_CNT,0.1474457696964505
CC_DX_CNT,1.6153482926976852
CC_ENDOMETRIAL_CANCER,0.21470963507632282
CC_EPILEPSY,0.6230745856681625
CC_FIBROMYALGIA,1.3899962364189755
CC_GLAUCOMA,0.1272935841501965
CC_HEARING_IMPAIR,0.21087330313819008
CC_HEART_FAILURE,0.2637888881862635
CC_HEPATITIS_A,
CC_HEPATITIS_B_ACUTE,7.6704084334781495
CC_HEPATITIS_B_CHRONIC,0.09651116928719405
CC_HEPATITIS_C_ACUTE,
CC_HEPATITIS_C_CHRONIC,0.06059844792662566
CC_HEPATITIS_C_UNSPECIFIED,0.6263796611340173
CC_HEPATITIS_D,
CC_HEPATITIS_E,
CC_HEPATITIS_GEN,0.02868807366304528
CC_HIP_FRACTURE,0.5458165179289967
CC_HYPERLIPIDEMIA,0.6585628296526131
CC_HYPERTENSION,1.8215164929354764
CC_HYPOTHYROID,1.3396454091355974
CC_INT_DISAB,0.7319391715207226
CC_ISCHEMIC,0.06575199636359895
CC_LEARN_DISAB,0.7382739170962718
CC_LEUKEMIAS,0.5129064774452861
CC_LIVER,0.3920695020297037
CC_LUNG_CANCER,0.5350776673814799
CC_MIGRAINE,0.4845446348247273
CC_MOBILITY_IMPAIR,0.1772161580590235
CC_MULTIPLE_SCLEROSIS,0.4785731510704949
CC_MUSCULAR_DYSTROPHY,0.2104450910736886
CC_OBESITY,0.845307245585663
CC_OSTEOPOROSIS,0.5235177633370283
CC_PERIPHERAL,0.026760141265339658
CC_PERSONALITY,2.5143188777248153
CC_PRESSURE,0.18254365479342582
CC_PROSTATE_CANCER,0.10433421361879533
CC_PTSD,0.8306842328230627
CC_SCHIZOPHRENIA,0.5698698473881556
CC_SCHIZOPHRENIA_OTHER,0.5765315456963856
CC_SPINAL_CORD,0.21520657221507877
CC_SPINA_BIFIDA,5.728805580176203
CC_STROKE,0.02896374678098043
CC_TOBACCO,0.7100837227475324
CC_TRAUMATIC_BRAIN,1.36780781295255
CC_VISUAL_IMPAIR,0.3221133074492882
LOB,0.017406753660801536
PREGNANCY,0.5783946234241419
IP_BIN,0.2150364093739732
ER_BIN,0.04675015366602984
ACUTE,0.10323344835708825
IP_C,0.1920608469858629
ER_C,3.7944449889648824
ACUTE_C,1.7218574249825098
IP_BIN6,0.1951807222604762
ER_BIN6,0.04500911593357082
ACUTE6,0.04327945805671133
IP_BIN2,0.22236639156973473
ER_BIN2,0.011539139405826229
ACUTE2,0.08542274983491531
HasPast,0.7900743511536382
