,Coefficient,Standard Error,z-statistic,p-value
Age,0.139,0.163,0.854,0.393
Total Cost,0.067,0.01,7.023,0.0
Gender,-0.06,0.049,-1.224,0.221
Tobacco Use,0.051,0.073,0.695,0.487
Pressure,-0.181,0.226,-0.803,0.422
Obesity,-0.052,0.053,-0.987,0.324
Hypertension,0.003,0.062,0.052,0.958
Hypothyroid,-0.124,0.086,-1.443,0.149
Disease Count,2.201,0.269,8.194,0.0
Acute Care 2 Months,1.413,0.086,16.403,0.0
Acute Care 6 Months,0.73,0.18,4.064,0.0
Inpatient Visits 6 Months,-0.613,0.154,-3.993,0.0
Emergency Vistits 6 Months,-0.308,0.164,-1.881,0.06
Line of Bussiness,-0.622,0.063,-9.925,0.0
Treatment,-0.216,0.067,-3.196,0.001
