,Coefficient,Standard Error,z-statistic,p-value
Age,3.146,0.471,6.685,0.0
Total Cost,0.001,0.024,0.051,0.959
Gender,0.281,0.124,2.261,0.024
Tobacco Use,-0.166,0.216,-0.771,0.441
Pressure,0.285,0.519,0.549,0.583
Obesity,0.515,0.133,3.873,0.0
Hypertension,0.14,0.151,0.932,0.351
Hypothyroid,-0.417,0.235,-1.774,0.076
Disease Count,0.984,0.656,1.501,0.133
Acute Care 2 Months,0.687,0.292,2.355,0.019
Acute Care 6 Months,0.043,0.765,0.056,0.955
Inpatient Visits 6 Months,-0.64,0.679,-0.943,0.346
Emergency Vistits 6 Months,-0.074,0.738,-0.1,0.92
Line of Bussiness,-0.741,0.185,-4.008,0.0
Treatment,0.826,0.143,5.79,0.0
