,Coefficient,Standard Error,z-statistic,p-value
Age,0.913,0.482,1.897,0.058
Total Cost,0.041,0.03,1.354,0.176
Gender,0.28,0.175,1.595,0.111
Tobacco Use,0.446,0.232,1.922,0.055
Pressure,0.019,1.016,0.018,0.985
Obesity,0.332,0.164,2.019,0.043
Hypertension,0.588,0.182,3.227,0.001
Hypothyroid,0.056,0.252,0.222,0.824
Disease Count,0.344,0.746,0.461,0.645
Acute Care 2 Months,0.801,0.406,1.973,0.048
Acute Care 6 Months,0.084,1.181,0.071,0.943
Inpatient Visits 6 Months,-0.442,1.068,-0.413,0.679
Emergency Vistits 6 Months,-0.328,1.126,-0.291,0.771
Line of Bussiness,-0.655,0.301,-2.174,0.03
Treatment,0.055,0.187,0.295,0.768
