,Coefficient,Standard Error,z-statistic,p-value
Age,-0.865,0.195,-4.433,0.0
Total Cost,0.049,0.012,3.936,0.0
Gender,-0.043,0.084,-0.512,0.609
Tobacco Use,0.071,0.101,0.703,0.482
Pressure,0.457,0.415,1.102,0.271
Obesity,0.047,0.072,0.661,0.509
Hypertension,0.088,0.082,1.077,0.281
Hypothyroid,-0.214,0.116,-1.844,0.065
Disease Count,1.034,0.306,3.377,0.001
Acute Care 2 Months,1.262,0.128,9.866,0.0
Acute Care 6 Months,0.038,0.309,0.123,0.902
Inpatient Visits 6 Months,-0.328,0.256,-1.284,0.199
Emergency Vistits 6 Months,0.565,0.292,1.937,0.053
Line of Bussiness,-0.31,0.126,-2.449,0.014
Treatment,-0.274,0.088,-3.133,0.002
