,Coefficient,Standard Error,z-statistic,p-value
Age,0.608,0.297,2.048,0.041
Total Cost,0.141,0.02,6.913,0.0
Gender,0.202,0.111,1.818,0.069
Tobacco Use,0.156,0.144,1.081,0.28
Pressure,-0.336,0.59,-0.57,0.568
Obesity,0.374,0.1,3.746,0.0
Hypertension,0.125,0.113,1.11,0.267
Hypothyroid,-0.165,0.16,-1.034,0.301
Disease Count,1.749,0.401,4.361,0.0
Acute Care 2 Months,1.142,0.189,6.05,0.0
Acute Care 6 Months,0.181,0.37,0.489,0.625
Inpatient Visits 6 Months,0.375,0.351,1.068,0.285
Emergency Vistits 6 Months,-0.281,0.343,-0.821,0.412
Line of Bussiness,-0.379,0.187,-2.026,0.043
Treatment,-0.256,0.124,-2.056,0.04
