,Coefficient,Standard Error,z-statistic,p-value
Age,-1.217,0.169,-7.224,0.0
Total Cost,0.073,0.011,6.8,0.0
Gender,0.03,0.069,0.442,0.658
Tobacco Use,0.086,0.086,0.997,0.319
Pressure,1.203,0.323,3.721,0.0
Obesity,0.074,0.059,1.247,0.213
Hypertension,0.095,0.067,1.426,0.154
Hypothyroid,-0.321,0.101,-3.17,0.002
Disease Count,1.328,0.253,5.248,0.0
Acute Care 2 Months,1.361,0.109,12.461,0.0
Acute Care 6 Months,0.324,0.256,1.262,0.207
Inpatient Visits 6 Months,-0.327,0.229,-1.43,0.153
Emergency Vistits 6 Months,0.146,0.24,0.61,0.542
Line of Bussiness,-0.38,0.104,-3.643,0.0
Treatment,-0.374,0.075,-4.981,0.0
