,Coefficient,Standard Error,z-statistic,p-value
Age,-1.092,0.167,-6.545,0.0
Total Cost,0.095,0.011,8.676,0.0
Gender,-0.024,0.07,-0.342,0.732
Tobacco Use,0.039,0.089,0.445,0.657
Pressure,0.325,0.36,0.903,0.367
Obesity,0.067,0.06,1.106,0.269
Hypertension,0.11,0.069,1.592,0.111
Hypothyroid,-0.145,0.096,-1.519,0.129
Disease Count,1.193,0.26,4.588,0.0
Acute Care 2 Months,1.472,0.115,12.763,0.0
Acute Care 6 Months,0.61,0.267,2.283,0.022
Inpatient Visits 6 Months,-0.503,0.247,-2.038,0.042
Emergency Vistits 6 Months,-0.23,0.256,-0.899,0.369
Line of Bussiness,-0.273,0.11,-2.48,0.013
Treatment,-0.346,0.075,-4.596,0.0
