,Coefficient,Standard Error,z-statistic,p-value
Age,-0.488,0.149,-3.268,0.001
Total Cost,0.057,0.01,5.9,0.0
Gender,0.144,0.06,2.415,0.016
Tobacco Use,0.062,0.08,0.773,0.44
Pressure,0.283,0.328,0.862,0.389
Obesity,0.064,0.055,1.171,0.242
Hypertension,-0.075,0.063,-1.195,0.232
Hypothyroid,-0.302,0.091,-3.312,0.001
Disease Count,2.018,0.233,8.671,0.0
Acute Care 2 Months,1.2,0.103,11.677,0.0
Acute Care 6 Months,0.623,0.263,2.365,0.018
Inpatient Visits 6 Months,-0.31,0.223,-1.395,0.163
Emergency Vistits 6 Months,-0.13,0.246,-0.529,0.597
Line of Bussiness,-0.591,0.088,-6.692,0.0
Treatment,-0.168,0.066,-2.53,0.011
