,Coefficient,Standard Error,z-statistic,p-value
Age,1.152,0.432,2.666,0.008
Total Cost,0.033,0.028,1.174,0.24
Gender,0.288,0.159,1.814,0.07
Tobacco Use,0.136,0.223,0.609,0.543
Pressure,-0.397,1.015,-0.391,0.696
Obesity,0.309,0.147,2.098,0.036
Hypertension,0.207,0.163,1.269,0.204
Hypothyroid,0.149,0.21,0.713,0.476
Disease Count,1.77,0.632,2.802,0.005
Acute Care 2 Months,0.784,0.342,2.29,0.022
Acute Care 6 Months,-0.734,0.807,-0.909,0.363
Inpatient Visits 6 Months,0.352,0.663,0.531,0.596
Emergency Vistits 6 Months,0.541,0.748,0.724,0.469
Line of Bussiness,-0.618,0.27,-2.288,0.022
Treatment,0.855,0.142,6.014,0.0
