,Coefficient,Standard Error,z-statistic,p-value
Age,1.363,0.445,3.066,0.002
Total Cost,-0.033,0.027,-1.212,0.225
Gender,0.502,0.151,3.316,0.001
Tobacco Use,0.105,0.226,0.463,0.643
Pressure,0.098,0.741,0.132,0.895
Obesity,0.478,0.148,3.223,0.001
Hypertension,0.2,0.16,1.251,0.211
Hypothyroid,-0.114,0.225,-0.506,0.613
Disease Count,2.454,0.633,3.879,0.0
Acute Care 2 Months,0.676,0.362,1.866,0.062
Acute Care 6 Months,-0.888,0.922,-0.964,0.335
Inpatient Visits 6 Months,0.29,0.774,0.374,0.708
Emergency Vistits 6 Months,0.799,0.866,0.923,0.356
Line of Bussiness,0.005,0.337,0.015,0.988
Treatment,0.872,0.142,6.126,0.0
