,Coefficient,Standard Error,z-statistic,p-value
Age,-0.858,0.196,-4.373,0.0
Total Cost,0.05,0.012,4.044,0.0
Gender,0.01,0.081,0.118,0.906
Tobacco Use,0.139,0.096,1.448,0.148
Pressure,1.397,0.327,4.273,0.0
Obesity,0.154,0.068,2.265,0.023
Hypertension,0.101,0.077,1.318,0.188
Hypothyroid,-0.294,0.116,-2.541,0.011
Disease Count,1.411,0.288,4.906,0.0
Acute Care 2 Months,1.235,0.125,9.863,0.0
Acute Care 6 Months,-0.116,0.31,-0.375,0.708
Inpatient Visits 6 Months,-0.426,0.248,-1.718,0.086
Emergency Vistits 6 Months,0.749,0.289,2.596,0.009
Line of Bussiness,-0.539,0.114,-4.722,0.0
Treatment,-0.406,0.087,-4.635,0.0
