,Coefficient,Standard Error,z-statistic,p-value
Age,0.038,0.299,0.127,0.899
Total Cost,0.093,0.02,4.675,0.0
Gender,0.26,0.113,2.314,0.021
Tobacco Use,0.142,0.142,0.996,0.319
Pressure,-0.389,0.722,-0.539,0.59
Obesity,0.122,0.101,1.21,0.226
Hypertension,-0.106,0.115,-0.921,0.357
Hypothyroid,-0.395,0.171,-2.31,0.021
Disease Count,2.61,0.402,6.493,0.0
Acute Care 2 Months,0.989,0.191,5.184,0.0
Acute Care 6 Months,-0.982,0.362,-2.713,0.007
Inpatient Visits 6 Months,1.39,0.329,4.227,0.0
Emergency Vistits 6 Months,0.666,0.303,2.198,0.028
Line of Bussiness,-0.393,0.181,-2.176,0.03
Treatment,-0.161,0.125,-1.287,0.198
