,Coefficient,Standard Error,z-statistic,p-value
Age,-1.034,0.164,-6.288,0.0
Total Cost,0.091,0.011,8.369,0.0
Gender,-0.07,0.07,-0.998,0.318
Tobacco Use,0.007,0.085,0.088,0.93
Pressure,0.644,0.342,1.883,0.06
Obesity,0.072,0.059,1.216,0.224
Hypertension,0.132,0.067,1.973,0.049
Hypothyroid,-0.132,0.093,-1.431,0.152
Disease Count,1.286,0.255,5.038,0.0
Acute Care 2 Months,1.462,0.114,12.851,0.0
Acute Care 6 Months,0.526,0.262,2.012,0.044
Inpatient Visits 6 Months,-0.426,0.241,-1.767,0.077
Emergency Vistits 6 Months,-0.141,0.25,-0.564,0.573
Line of Bussiness,-0.274,0.109,-2.509,0.012
Treatment,-0.41,0.075,-5.468,0.0
