,Coefficient,Standard Error,z-statistic,p-value
Age,-0.821,0.193,-4.26,0.0
Total Cost,0.056,0.012,4.511,0.0
Gender,-0.13,0.084,-1.547,0.122
Tobacco Use,0.107,0.096,1.117,0.264
Pressure,0.512,0.417,1.229,0.219
Obesity,0.072,0.07,1.027,0.304
Hypertension,0.131,0.08,1.647,0.1
Hypothyroid,-0.139,0.11,-1.261,0.207
Disease Count,0.981,0.301,3.262,0.001
Acute Care 2 Months,1.214,0.127,9.535,0.0
Acute Care 6 Months,-0.054,0.303,-0.179,0.858
Inpatient Visits 6 Months,-0.267,0.249,-1.07,0.285
Emergency Vistits 6 Months,0.681,0.286,2.382,0.017
Line of Bussiness,-0.237,0.128,-1.86,0.063
Treatment,-0.336,0.087,-3.853,0.0
