,0
MBR_GNDR,0.03974899646511238
AGE_AT_MIDMONTH,0.05441163546136375
ALLOW_AMT,0.01849407761568996
ALLOW_ER,0.006668534357666454
ALLOW_IP,0.002507466594286703
CC_ADHD,0.14745376694789308
CC_ALZHEIMER,0.04998426315775594
CC_ALZHEIMER_PLUS,0.08085442692246178
CC_AMI,0.004096228971217909
CC_ANEMIA,0.024581014410754283
CC_ANXIETY_DISORDER,0.15419725486220784
CC_ARTHRITIS,0.07804324380563712
CC_ASTHMA,0.08942595628201412
CC_ATRIAL_FIB,0.029113877644468874
CC_AUTISM,0.054018209009109364
CC_BIPOLAR,0.10923852591554548
CC_BPH,0.04453884505285186
CC_BREAST_CANCER,0.07315306819109085
CC_CATARACT,0.04463424897923475
CC_CEREBRAL_PALSY,0.03791966870169902
CC_CHRONIC_KIDNEY,0.03751840791458485
CC_COLORECTAL_CANCER,0.005089422166358335
CC_COPD,0.0034593191159396426
CC_CYSTIC_FIBROSIS,0.014157664349784833
CC_DEPRESSION,0.18555734149102815
CC_DEPRESSIVE_DISORDERS,0.04079912703161943
CC_DEVELOP_DELAYS,0.018027223380217287
CC_DIABETES,0.18196275485749475
CC_DISAB_DX_CNT,0.019217800043893913
CC_DX_CNT,0.3130096073178315
CC_ENDOMETRIAL_CANCER,0.04232470363866385
CC_EPILEPSY,0.028308768083019267
CC_FIBROMYALGIA,0.05427791404454462
CC_GLAUCOMA,0.019623455821441156
CC_HEARING_IMPAIR,0.0003472711820757926
CC_HEART_FAILURE,0.017860166704199962
CC_HEPATITIS_A,
CC_HEPATITIS_B_ACUTE,0.013244454772825823
CC_HEPATITIS_B_CHRONIC,0.0017002235433442525
CC_HEPATITIS_C_ACUTE,
CC_HEPATITIS_C_CHRONIC,0.00442912423449436
CC_HEPATITIS_C_UNSPECIFIED,0.04142592049602964
CC_HEPATITIS_D,
CC_HEPATITIS_E,
CC_HEPATITIS_GEN,0.01724783925814735
CC_HIP_FRACTURE,0.020473090046483965
CC_HYPERLIPIDEMIA,0.06489893288535745
CC_HYPERTENSION,0.1450976109468405
CC_HYPOTHYROID,0.028024428500912132
CC_INT_DISAB,0.053005566664673466
CC_ISCHEMIC,0.02700736178125122
CC_LEARN_DISAB,0.00024140152920632774
CC_LEUKEMIAS,0.05808444586098456
CC_LIVER,0.04272455970872913
CC_LUNG_CANCER,0.0012152864495062463
CC_MIGRAINE,0.16704619730183076
CC_MOBILITY_IMPAIR,0.018538797421144237
CC_MULTIPLE_SCLEROSIS,0.07872446537136563
CC_MUSCULAR_DYSTROPHY,0.017459010915142157
CC_OBESITY,0.5046876991420229
CC_OSTEOPOROSIS,0.06797393116357392
CC_PERIPHERAL,0.034035123419383376
CC_PERSONALITY,0.12938999410023572
CC_PRESSURE,0.0003485104598559495
CC_PROSTATE_CANCER,0.021700150485426943
CC_PTSD,0.1303597575163778
CC_SCHIZOPHRENIA,0.011774112898423035
CC_SCHIZOPHRENIA_OTHER,0.008352009141256821
CC_SPINAL_CORD,0.01782579802555896
CC_SPINA_BIFIDA,0.04035290271538948
CC_STROKE,8.298466270094103e-05
CC_TOBACCO,0.08760555471531829
CC_TRAUMATIC_BRAIN,0.04090761286357145
CC_VISUAL_IMPAIR,0.00675740328002638
LOB,0.035076058011627095
PREGNANCY,0.030343343137893
IP_BIN,0.008948173055691823
ER_BIN,0.0018658904828881375
ACUTE,0.004641570010110188
IP_C,0.05951642788091037
ER_C,0.050160734016698655
ACUTE_C,0.06206404543851323
IP_BIN6,0.014059697882641197
ER_BIN6,0.0017064032935253837
ACUTE6,0.003586878261888917
IP_BIN2,0.011787544408630807
ER_BIN2,0.0014146436629091635
ACUTE2,0.005215513685449775
