,0
MBR_GNDR,0.07318797928005856
AGE_AT_MIDMONTH,1.2795752808046275
ALLOW_AMT,1.4231772422488667
ALLOW_ER,0.4824338491433821
ALLOW_IP,0.11086923688116969
CC_ADHD,6.797934501446028
CC_ALZHEIMER,0.4294468795768815
CC_ALZHEIMER_PLUS,0.421833416485293
CC_AMI,0.08323664069575144
CC_ANEMIA,0.872275935341049
CC_ANXIETY_DISORDER,1.0953119370189084
CC_ARTHRITIS,1.2254403264647928
CC_ASTHMA,0.8980227237870568
CC_ATRIAL_FIB,0.229411660438362
CC_AUTISM,0.5669744630855273
CC_BIPOLAR,4.400807151018823
CC_BPH,0.3470547221414304
CC_BREAST_CANCER,0.8401892407114168
CC_CATARACT,2.3332604657033342
CC_CEREBRAL_PALSY,2.438867012068594
CC_CHRONIC_KIDNEY,0.1588393126252845
CC_COLORECTAL_CANCER,0.11282540369779087
CC_COPD,0.02837780776830885
CC_CYSTIC_FIBROSIS,0.5472966496357523
CC_DEPRESSION,2.2460462252010576
CC_DEPRESSIVE_DISORDERS,0.6692566671589426
CC_DEVELOP_DELAYS,0.3516287723940488
CC_DIABETES,0.502134044788786
CC_DISAB_DX_CNT,0.1976221433135434
CC_DX_CNT,22.782320039686212
CC_ENDOMETRIAL_CANCER,2.7114457390539144
CC_EPILEPSY,0.5409733967949107
CC_FIBROMYALGIA,1.563429902284684
CC_GLAUCOMA,0.42398728170468075
CC_HEARING_IMPAIR,0.011569278912214653
CC_HEART_FAILURE,0.16324494400922995
CC_HEPATITIS_A,
CC_HEPATITIS_B_ACUTE,5.119028651056597
CC_HEPATITIS_B_CHRONIC,0.09031403126784186
CC_HEPATITIS_C_ACUTE,
CC_HEPATITIS_C_CHRONIC,0.06787047481558806
CC_HEPATITIS_C_UNSPECIFIED,0.9109937085175337
CC_HEPATITIS_D,
CC_HEPATITIS_E,
CC_HEPATITIS_GEN,0.24831605398579681
CC_HIP_FRACTURE,0.3557882031607666
CC_HYPERLIPIDEMIA,1.4562688153422136
CC_HYPERTENSION,52.203243725963496
CC_HYPOTHYROID,0.410714294603395
CC_INT_DISAB,0.8062170342904059
CC_ISCHEMIC,0.20040996773759348
CC_LEARN_DISAB,0.004369563727660885
CC_LEUKEMIAS,21.96023309556218
CC_LIVER,0.824979960517941
CC_LUNG_CANCER,0.02786861555599281
CC_MIGRAINE,0.8506724660366461
CC_MOBILITY_IMPAIR,0.34475517412230905
CC_MULTIPLE_SCLEROSIS,1.2016047003035817
CC_MUSCULAR_DYSTROPHY,0.6052470422267024
CC_OBESITY,0.884027226108401
CC_OSTEOPOROSIS,0.9651017936564388
CC_PERIPHERAL,0.20172229730560065
CC_PERSONALITY,8.042276243518476
CC_PRESSURE,0.0029074521880356223
CC_PROSTATE_CANCER,0.2421023060777506
CC_PTSD,3.406766492594276
CC_SCHIZOPHRENIA,0.15797404198385598
CC_SCHIZOPHRENIA_OTHER,0.07608419066816452
CC_SPINAL_CORD,0.38962378889662086
CC_SPINA_BIFIDA,4.800998163801445
CC_STROKE,0.0014557314711973145
CC_TOBACCO,0.6401243697187096
CC_TRAUMATIC_BRAIN,4.479647140433318
CC_VISUAL_IMPAIR,0.1538413871866202
LOB,0.07250075274264799
PREGNANCY,0.7743883153832358
IP_BIN,0.12463036681216316
ER_BIN,0.023279510700165533
ACUTE,0.04572280984576919
IP_C,5.387918470080994
ER_C,0.673540899252996
ACUTE_C,0.9685344069330941
IP_BIN6,0.11120602402308079
ER_BIN6,0.015632616182173098
ACUTE6,0.024435469281895668
IP_BIN2,0.12677671697211598
ER_BIN2,0.014427970759923076
ACUTE2,0.04156127748035557
