,Coefficient,Standard Error,z-statistic,p-value
Age,-0.228,0.139,-1.636,0.102
Total Cost,0.059,0.01,6.008,0.0
Gender,-0.032,0.059,-0.534,0.593
Tobacco Use,0.024,0.085,0.278,0.781
Pressure,0.098,0.232,0.424,0.672
Obesity,-0.054,0.053,-1.015,0.31
Hypertension,0.1,0.054,1.853,0.064
Hypothyroid,-0.082,0.101,-0.817,0.414
Disease Count,1.028,0.262,3.93,0.0
Acute Care 2 Months,1.384,0.095,14.597,0.0
Acute Care 6 Months,0.632,0.326,1.938,0.053
Inpatient Visits 6 Months,-0.425,0.291,-1.463,0.144
Emergency Vistits 6 Months,-0.133,0.313,-0.425,0.671
Line of Bussiness,-0.452,0.06,-7.529,0.0
Treatment,-0.232,0.064,-3.622,0.0
