,Coefficient,Standard Error,z-statistic,p-value
Age,-0.66,0.155,-4.258,0.0
Total Cost,0.076,0.011,6.663,0.0
Gender,-0.063,0.069,-0.906,0.365
Tobacco Use,0.196,0.082,2.401,0.016
Pressure,0.765,0.24,3.184,0.001
Obesity,0.066,0.057,1.157,0.247
Hypertension,0.091,0.061,1.492,0.136
Hypothyroid,-0.326,0.114,-2.855,0.004
Disease Count,0.7,0.281,2.493,0.013
Acute Care 2 Months,1.469,0.102,14.34,0.0
Acute Care 6 Months,0.297,0.285,1.044,0.297
Inpatient Visits 6 Months,0.057,0.243,0.234,0.815
Emergency Vistits 6 Months,0.067,0.274,0.246,0.806
Line of Bussiness,-0.437,0.066,-6.662,0.0
Treatment,-0.295,0.07,-4.204,0.0
