,Coefficient,Standard Error,z-statistic,p-value
Age,1.346,0.39,3.45,0.001
Total Cost,0.047,0.027,1.714,0.087
Gender,0.196,0.149,1.317,0.188
Tobacco Use,-0.054,0.214,-0.252,0.801
Pressure,0.886,0.428,2.071,0.038
Obesity,0.34,0.138,2.46,0.014
Hypertension,0.117,0.146,0.798,0.425
Hypothyroid,-0.071,0.224,-0.315,0.753
Disease Count,2.426,0.614,3.949,0.0
Acute Care 2 Months,0.487,0.306,1.592,0.111
Acute Care 6 Months,-0.48,0.854,-0.562,0.574
Inpatient Visits 6 Months,0.066,0.761,0.086,0.931
Emergency Vistits 6 Months,0.24,0.806,0.298,0.766
Line of Bussiness,-0.633,0.171,-3.698,0.0
Treatment,0.881,0.133,6.62,0.0
