,Coefficient,Standard Error,z-statistic,p-value
Age,-0.745,0.177,-4.211,0.0
Total Cost,0.052,0.013,4.074,0.0
Gender,-0.105,0.082,-1.284,0.199
Tobacco Use,0.352,0.09,3.916,0.0
Pressure,0.766,0.283,2.705,0.007
Obesity,0.037,0.066,0.56,0.575
Hypertension,0.182,0.069,2.638,0.008
Hypothyroid,-0.218,0.13,-1.668,0.095
Disease Count,0.108,0.328,0.328,0.743
Acute Care 2 Months,1.33,0.114,11.627,0.0
Acute Care 6 Months,-0.734,0.339,-2.167,0.03
Inpatient Visits 6 Months,0.184,0.263,0.698,0.485
Emergency Vistits 6 Months,1.277,0.321,3.974,0.0
Line of Bussiness,-0.571,0.072,-7.915,0.0
Treatment,-0.257,0.081,-3.186,0.001
