,Coefficient,Standard Error,z-statistic,p-value
Age,-0.425,0.248,-1.713,0.087
Total Cost,0.108,0.02,5.477,0.0
Gender,0.034,0.107,0.321,0.748
Tobacco Use,0.074,0.131,0.565,0.572
Pressure,0.337,0.364,0.926,0.355
Obesity,0.223,0.093,2.412,0.016
Hypertension,0.085,0.101,0.841,0.4
Hypothyroid,-0.49,0.188,-2.61,0.009
Disease Count,1.63,0.419,3.891,0.0
Acute Care 2 Months,0.981,0.165,5.945,0.0
Acute Care 6 Months,-0.46,0.332,-1.386,0.166
Inpatient Visits 6 Months,1.418,0.294,4.819,0.0
Emergency Vistits 6 Months,0.307,0.303,1.015,0.31
Line of Bussiness,-0.067,0.118,-0.57,0.569
Treatment,-0.25,0.112,-2.22,0.026
