,0
MBR_GNDR,0.4598560990876139
AGE_AT_MIDMONTH,0.08282505366428654
ALLOW_AMT,0.018250593084291892
ALLOW_ER,0.004398954563755176
ALLOW_IP,0.006447163590674945
CC_ADHD,0.002039038636903128
CC_ALZHEIMER,0.11392513686817012
CC_ALZHEIMER_PLUS,0.18320160418930276
CC_AMI,0.0400078275655533
CC_ANEMIA,0.013224549175391693
CC_ANXIETY_DISORDER,0.06879412090310234
CC_ARTHRITIS,0.010404525281963046
CC_ASTHMA,0.08934403982069657
CC_ATRIAL_FIB,0.11175104197087744
CC_AUTISM,0.10928223420084332
CC_BIPOLAR,0.014125264586710012
CC_BPH,0.13329061217944774
CC_BREAST_CANCER,0.06682071792714003
CC_CATARACT,0.06773071728390928
CC_CEREBRAL_PALSY,0.012170030408483782
CC_CHRONIC_KIDNEY,0.08312780983190962
CC_COLORECTAL_CANCER,0.06630913620168848
CC_COPD,0.10248127983288974
CC_CYSTIC_FIBROSIS,0.0242901878287851
CC_DEPRESSION,0.06015137625045985
CC_DEPRESSIVE_DISORDERS,0.059223757033467286
CC_DEVELOP_DELAYS,0.04642036092834871
CC_DIABETES,0.1460973253908733
CC_DISAB_DX_CNT,0.14617345401385973
CC_DX_CNT,0.025511044409343
CC_ENDOMETRIAL_CANCER,0.03411565580802257
CC_EPILEPSY,0.07367245432988767
CC_FIBROMYALGIA,0.02102973598109494
CC_GLAUCOMA,0.065049109372814
CC_HEARING_IMPAIR,0.08829173396019825
CC_HEART_FAILURE,0.09475755396841405
CC_HEPATITIS_A,0.019461697634753472
CC_HEPATITIS_B_ACUTE,0.01723744940443309
CC_HEPATITIS_B_CHRONIC,0.0005658473798129961
CC_HEPATITIS_C_ACUTE,0.01996737997883731
CC_HEPATITIS_C_CHRONIC,0.06580220458348422
CC_HEPATITIS_C_UNSPECIFIED,0.05319125653552143
CC_HEPATITIS_D,
CC_HEPATITIS_E,
CC_HEPATITIS_GEN,0.06409377551036771
CC_HIP_FRACTURE,0.06778365798318345
CC_HYPERLIPIDEMIA,0.03749328160910335
CC_HYPERTENSION,0.023688649295014092
CC_HYPOTHYROID,0.040702829656146286
CC_INT_DISAB,0.06783708053401727
CC_ISCHEMIC,0.1343155230779737
CC_LEARN_DISAB,0.03949580034000216
CC_LEUKEMIAS,0.017944533442023243
CC_LIVER,0.043226231055319544
CC_LUNG_CANCER,0.04711721568776038
CC_MIGRAINE,0.1292853282794213
CC_MOBILITY_IMPAIR,0.061431945697829206
CC_MULTIPLE_SCLEROSIS,0.05430637705703821
CC_MUSCULAR_DYSTROPHY,0.03061353352189048
CC_OBESITY,0.4679240375697261
CC_OSTEOPOROSIS,0.10127481473819991
CC_PERIPHERAL,0.1467862607196466
CC_PERSONALITY,0.0005894925168620974
CC_PRESSURE,0.06625402707775598
CC_PROSTATE_CANCER,0.06349187352494498
CC_PTSD,0.0278789020589941
CC_SCHIZOPHRENIA,0.09757160698557099
CC_SCHIZOPHRENIA_OTHER,0.13770522164446894
CC_SPINAL_CORD,0.03595209315421212
CC_SPINA_BIFIDA,0.00761160496298486
CC_STROKE,0.059349642200306606
CC_TOBACCO,0.147298394545823
CC_TRAUMATIC_BRAIN,0.0035835654560951915
CC_VISUAL_IMPAIR,0.02632034531161492
LOB,0.41569497160117297
PREGNANCY,0.019508714056322096
IP_BIN,0.039867511710865756
ER_BIN,0.037051336684178635
ACUTE,0.04899501201279256
IP_C,0.08174415392302045
ER_C,0.060407469142853096
ACUTE_C,0.07675833474258434
IP_BIN6,0.07558963911958495
ER_BIN6,0.0538790805135036
ACUTE6,0.07596804076483352
IP_BIN2,0.05240186513853441
ER_BIN2,0.04662072513166174
ACUTE2,0.06201789529512241
HasPast,0.19263099360779093
