,0
MBR_GNDR,0.8670671367160611
AGE_AT_MIDMONTH,0.8955173444582416
ALLOW_AMT,0.9139720143788079
ALLOW_ER,0.6342767767278567
ALLOW_IP,0.2892960977172216
CC_ADHD,0.05814482846272041
CC_ALZHEIMER,0.910699034084359
CC_ALZHEIMER_PLUS,0.8795838314088927
CC_AMI,0.7607339500693477
CC_ANEMIA,0.21647381656332762
CC_ANXIETY_DISORDER,0.5837922285091539
CC_ARTHRITIS,1.7585454972130266
CC_ASTHMA,1.1598151445098208
CC_ATRIAL_FIB,0.7224781587708177
CC_AUTISM,1.155467002333302
CC_BIPOLAR,0.47415745637177376
CC_BPH,0.8751187259371472
CC_BREAST_CANCER,0.9487745322520049
CC_CATARACT,0.9482588851630189
CC_CEREBRAL_PALSY,0.8644709284879278
CC_CHRONIC_KIDNEY,0.28101859586729755
CC_COLORECTAL_CANCER,1.3766608570643857
CC_COPD,0.7254996157127745
CC_CYSTIC_FIBROSIS,0.8629858404174999
CC_DEPRESSION,0.8588456560087288
CC_DEPRESSIVE_DISORDERS,0.958247730074124
CC_DEVELOP_DELAYS,0.8322700465619597
CC_DIABETES,0.3316252248952373
CC_DISAB_DX_CNT,1.0970284593861122
CC_DX_CNT,0.21958426961057464
CC_ENDOMETRIAL_CANCER,2.4937111151884945
CC_EPILEPSY,1.3519950946023842
CC_FIBROMYALGIA,5.142922811678661
CC_GLAUCOMA,0.9077323207255278
CC_HEARING_IMPAIR,1.1838622621827926
CC_HEART_FAILURE,0.6707851994828957
CC_HEPATITIS_A,1.3855651816360717
CC_HEPATITIS_B_ACUTE,13.231180695804095
CC_HEPATITIS_B_CHRONIC,0.02969231438645335
CC_HEPATITIS_C_ACUTE,0.8333682880823415
CC_HEPATITIS_C_CHRONIC,1.0177158632177166
CC_HEPATITIS_C_UNSPECIFIED,1.199513532897145
CC_HEPATITIS_D,
CC_HEPATITIS_E,
CC_HEPATITIS_GEN,0.9446918257104963
CC_HIP_FRACTURE,1.1065541879363243
CC_HYPERLIPIDEMIA,0.27617302952835693
CC_HYPERTENSION,0.2622064676592552
CC_HYPOTHYROID,1.4437318969086923
CC_INT_DISAB,0.9907182425970859
CC_ISCHEMIC,0.693636663123551
CC_LEARN_DISAB,0.7145294981991561
CC_LEUKEMIAS,1.4418753217879052
CC_LIVER,1.5149929923551806
CC_LUNG_CANCER,0.9788722662631208
CC_MIGRAINE,0.7302768724700055
CC_MOBILITY_IMPAIR,0.9953792055657744
CC_MULTIPLE_SCLEROSIS,0.8262387792135069
CC_MUSCULAR_DYSTROPHY,1.0198805089586789
CC_OBESITY,0.9778013717381158
CC_OSTEOPOROSIS,1.1549881745933852
CC_PERIPHERAL,0.7224547025631325
CC_PERSONALITY,0.1275367044303835
CC_PRESSURE,0.496144206841331
CC_PROSTATE_CANCER,0.6330569169472888
CC_PTSD,0.6306357780969284
CC_SCHIZOPHRENIA,1.120581257683323
CC_SCHIZOPHRENIA_OTHER,1.139732492051366
CC_SPINAL_CORD,0.7261711617805519
CC_SPINA_BIFIDA,1.2074936268935619
CC_STROKE,0.9604636470900745
CC_TOBACCO,0.9494326025099274
CC_TRAUMATIC_BRAIN,0.425808323892566
CC_VISUAL_IMPAIR,0.5544084185868758
LOB,0.9546909327509427
PREGNANCY,0.6038015211614448
IP_BIN,0.573506248283619
ER_BIN,0.5784903701260932
ACUTE,0.5632127478629274
IP_C,1.0629884442492532
ER_C,8.163115064862316
ACUTE_C,4.477953891105021
IP_BIN6,0.5514476824218215
ER_BIN6,0.47993811881395726
ACUTE6,0.4909155668761565
IP_BIN2,0.5669001515591673
ER_BIN2,0.5702689085922287
ACUTE2,0.5548666628986083
HasPast,0.8093390085209107
