,0
MBR_GNDR,0.01512922436489074
AGE_AT_MIDMONTH,0.017342099150167375
ALLOW_AMT,0.006003720763100477
ALLOW_ER,0.0005510562722603808
ALLOW_IP,0.012244733132202467
CC_ADHD,0.02341953494998147
CC_ALZHEIMER,0.05211868155823891
CC_ALZHEIMER_PLUS,0.09600468993177388
CC_AMI,0.03389156243599128
CC_ANEMIA,0.030903608209668726
CC_ANXIETY_DISORDER,0.038863346726946045
CC_ARTHRITIS,0.011892536486476337
CC_ASTHMA,0.039617266139061656
CC_ATRIAL_FIB,0.00789061753993214
CC_AUTISM,0.04390504736745291
CC_BIPOLAR,0.08749205519684689
CC_BPH,0.025019036646708213
CC_BREAST_CANCER,0.0418128604589617
CC_CATARACT,0.028076611302363552
CC_CEREBRAL_PALSY,0.004467562021211433
CC_CHRONIC_KIDNEY,0.0027786671107157663
CC_COLORECTAL_CANCER,0.041719269105621175
CC_COPD,0.048994759328802394
CC_CYSTIC_FIBROSIS,0.0036558468162393924
CC_DEPRESSION,0.020730418726186813
CC_DEPRESSIVE_DISORDERS,0.04326685293316232
CC_DEVELOP_DELAYS,0.010614044281797777
CC_DIABETES,0.13037572200892555
CC_DISAB_DX_CNT,0.05291786612457825
CC_DX_CNT,0.03593761219671308
CC_ENDOMETRIAL_CANCER,0.012078364096246765
CC_EPILEPSY,0.07034025223060433
CC_FIBROMYALGIA,0.09141532661300546
CC_GLAUCOMA,0.014414745377042482
CC_HEARING_IMPAIR,0.0055749849884663555
CC_HEART_FAILURE,0.018792329470878864
CC_HEPATITIS_A,
CC_HEPATITIS_B_ACUTE,0.0036000646403743443
CC_HEPATITIS_B_CHRONIC,0.010671516887250232
CC_HEPATITIS_C_ACUTE,0.0299811379959917
CC_HEPATITIS_C_CHRONIC,0.05695089045001628
CC_HEPATITIS_C_UNSPECIFIED,0.037727249246477614
CC_HEPATITIS_D,0.012470590229821589
CC_HEPATITIS_E,
CC_HEPATITIS_GEN,0.05905456614114165
CC_HIP_FRACTURE,0.03878571176437016
CC_HYPERLIPIDEMIA,0.051587209197546266
CC_HYPERTENSION,0.09614318517191456
CC_HYPOTHYROID,0.0121270316109452
CC_INT_DISAB,0.03937085475407107
CC_ISCHEMIC,0.0034066381123384506
CC_LEARN_DISAB,0.004168655080733926
CC_LEUKEMIAS,0.022905875210073107
CC_LIVER,0.008444132238945164
CC_LUNG_CANCER,0.02493497126090405
CC_MIGRAINE,0.06424991542059018
CC_MOBILITY_IMPAIR,0.03221021284710936
CC_MULTIPLE_SCLEROSIS,0.03848486089099311
CC_MUSCULAR_DYSTROPHY,0.03600976140877768
CC_OBESITY,0.33985969893719686
CC_OSTEOPOROSIS,0.07869566764030363
CC_PERIPHERAL,0.04914506670202206
CC_PERSONALITY,0.04323314623304459
CC_PRESSURE,0.034058402921055525
CC_PROSTATE_CANCER,0.026677498303080062
CC_PTSD,0.05856088560437185
CC_SCHIZOPHRENIA,0.05885733541437869
CC_SCHIZOPHRENIA_OTHER,0.10067409933624583
CC_SPINAL_CORD,0.041113796221104545
CC_SPINA_BIFIDA,0.004688601509389535
CC_STROKE,0.007701048074195026
CC_TOBACCO,0.21938548523820706
CC_TRAUMATIC_BRAIN,0.023857114640097054
CC_VISUAL_IMPAIR,0.016019732967172347
LOB,0.4184953126948667
PREGNANCY,0.02939533717485042
IP_BIN,0.038831108432792166
ER_BIN,0.04362530006579049
ACUTE,0.05475445390736941
IP_C,0.06983116009346
ER_C,0.08754095569569723
ACUTE_C,0.0957636037735544
IP_BIN6,0.08209569134767292
ER_BIN6,0.07877307716645478
ACUTE6,0.10020287474935546
IP_BIN2,0.05313097966748592
ER_BIN2,0.0570331666277058
ACUTE2,0.07185092107720573
