,0
MBR_GNDR,0.027561354709243712
AGE_AT_MIDMONTH,0.6204021126875059
ALLOW_AMT,0.34556036412536234
ALLOW_ER,0.03964858536047915
ALLOW_IP,0.4990700285609192
CC_ADHD,1.7138448174884708
CC_ALZHEIMER,0.4477850377068901
CC_ALZHEIMER_PLUS,0.49888858135652653
CC_AMI,0.6780945629172193
CC_ANEMIA,0.848001030515058
CC_ANXIETY_DISORDER,0.2990941495769484
CC_ARTHRITIS,0.25800387179823014
CC_ASTHMA,0.43613926055473584
CC_ATRIAL_FIB,0.05908129520416923
CC_AUTISM,0.45857941827321574
CC_BIPOLAR,3.0607607889105597
CC_BPH,0.18958744912109657
CC_BREAST_CANCER,0.5432544014637946
CC_CATARACT,1.0496554052072546
CC_CEREBRAL_PALSY,0.25461764565455497
CC_CHRONIC_KIDNEY,0.01139105922813802
CC_COLORECTAL_CANCER,0.8936010666166411
CC_COPD,0.3775304985950535
CC_CYSTIC_FIBROSIS,0.14868542920027036
CC_DEPRESSION,0.2820094899288261
CC_DEPRESSIVE_DISORDERS,0.7204397266539638
CC_DEVELOP_DELAYS,0.2678190571052321
CC_DIABETES,0.3553141394515673
CC_DISAB_DX_CNT,0.49962263825719055
CC_DX_CNT,2.4169681165976304
CC_ENDOMETRIAL_CANCER,0.7375194370580848
CC_EPILEPSY,1.2280037146653904
CC_FIBROMYALGIA,3.6623533145449882
CC_GLAUCOMA,0.2738709179468998
CC_HEARING_IMPAIR,0.14970099751227633
CC_HEART_FAILURE,0.16221184766025054
CC_HEPATITIS_A,
CC_HEPATITIS_B_ACUTE,0.9469235625158443
CC_HEPATITIS_B_CHRONIC,0.542295574163624
CC_HEPATITIS_C_ACUTE,1.2336303568310794
CC_HEPATITIS_C_CHRONIC,0.8559639130694858
CC_HEPATITIS_C_UNSPECIFIED,0.8028352371700956
CC_HEPATITIS_D,2.298750223750226
CC_HEPATITIS_E,
CC_HEPATITIS_GEN,0.8223274860607636
CC_HIP_FRACTURE,0.674031065443713
CC_HYPERLIPIDEMIA,0.8679498019543639
CC_HYPERTENSION,12.898503333300374
CC_HYPOTHYROID,0.20224876222943014
CC_INT_DISAB,0.5934055170909296
CC_ISCHEMIC,0.024560101295220595
CC_LEARN_DISAB,0.0878204404173613
CC_LEUKEMIAS,6.769419936914014
CC_LIVER,0.18200608951819408
CC_LUNG_CANCER,0.5434722471046023
CC_MIGRAINE,0.3390304211384515
CC_MOBILITY_IMPAIR,0.5631185927294506
CC_MULTIPLE_SCLEROSIS,0.6422632128118814
CC_MUSCULAR_DYSTROPHY,1.2483411397062227
CC_OBESITY,0.6351122015944095
CC_OSTEOPOROSIS,1.1433785760096544
CC_PERIPHERAL,0.2815662343810297
CC_PERSONALITY,3.100984795041454
CC_PRESSURE,0.27889106260714003
CC_PROSTATE_CANCER,0.2902814876503868
CC_PTSD,1.7595341540002698
CC_SCHIZOPHRENIA,0.7647594093644469
CC_SCHIZOPHRENIA_OTHER,0.8946958726436711
CC_SPINAL_CORD,0.8794325693691172
CC_SPINA_BIFIDA,0.4158474209775658
CC_STROKE,0.13420355731584008
CC_TOBACCO,1.5673532354240098
CC_TRAUMATIC_BRAIN,2.019118603581059
CC_VISUAL_IMPAIR,0.3615164225758016
LOB,0.8795150342855296
PREGNANCY,0.7532844756573867
IP_BIN,0.518737314005864
ER_BIN,0.552691588722438
ACUTE,0.5377458826100633
IP_C,2.875513908335549
ER_C,1.4202032537294484
ACUTE_C,1.9731291605601444
IP_BIN6,0.6325487632190764
ER_BIN6,0.7076143746500552
ACUTE6,0.6694456594120817
IP_BIN2,0.5489678649431854
ER_BIN2,0.5844514695817475
ACUTE2,0.5672394533497642
