,0
MBR_GNDR,0.5431082652659429
AGE_AT_MIDMONTH,0.04252319990672875
ALLOW_AMT,0.012994922253300026
ALLOW_ER,0.013822691690285039
ALLOW_IP,0.022616432337982273
CC_ADHD,0.021690966118683156
CC_ALZHEIMER,0.11639219082696242
CC_ALZHEIMER_PLUS,0.19167383085991418
CC_AMI,0.04921184873606977
CC_ANEMIA,0.028180319340282402
CC_ANXIETY_DISORDER,0.1407793064703411
CC_ARTHRITIS,0.06368587855336856
CC_ASTHMA,0.0995809503626984
CC_ATRIAL_FIB,0.12690670382158342
CC_AUTISM,0.0952745009274973
CC_BIPOLAR,0.024822384205191967
CC_BPH,0.1283337819985102
CC_BREAST_CANCER,0.08706737083320618
CC_CATARACT,0.01912956124501097
CC_CEREBRAL_PALSY,0.01554806740755265
CC_CHRONIC_KIDNEY,0.23620353988243437
CC_COLORECTAL_CANCER,0.04510883187256866
CC_COPD,0.1219022675811789
CC_CYSTIC_FIBROSIS,0.025868355596927774
CC_DEPRESSION,0.08261510355799456
CC_DEPRESSIVE_DISORDERS,0.0609618537007865
CC_DEVELOP_DELAYS,0.05126777100030734
CC_DIABETES,0.36237884434630246
CC_DISAB_DX_CNT,0.0972451756754977
CC_DX_CNT,0.013739145388730247
CC_ENDOMETRIAL_CANCER,0.01560964434177905
CC_EPILEPSY,0.05232931647053145
CC_FIBROMYALGIA,0.03471720348013479
CC_GLAUCOMA,0.04628312373555925
CC_HEARING_IMPAIR,0.03001666609568462
CC_HEART_FAILURE,0.10940716609998126
CC_HEPATITIS_A,0.013630056179564757
CC_HEPATITIS_B_ACUTE,0.0025872984262536
CC_HEPATITIS_B_CHRONIC,0.018825685438644033
CC_HEPATITIS_C_ACUTE,0.024303177876561454
CC_HEPATITIS_C_CHRONIC,0.06525848311108481
CC_HEPATITIS_C_UNSPECIFIED,0.04547333324995441
CC_HEPATITIS_D,0.005424943563236212
CC_HEPATITIS_E,0.003683329948405824
CC_HEPATITIS_GEN,0.0694592193347833
CC_HIP_FRACTURE,0.05754291419615447
CC_HYPERLIPIDEMIA,0.04456521502186162
CC_HYPERTENSION,0.0027794750017550275
CC_HYPOTHYROID,0.06823338965587705
CC_INT_DISAB,0.06574602670275562
CC_ISCHEMIC,0.13476057147323767
CC_LEARN_DISAB,0.055246139947146354
CC_LEUKEMIAS,0.0026449831205444954
CC_LIVER,0.051788603061225506
CC_LUNG_CANCER,0.04360770799914794
CC_MIGRAINE,0.19636958285497697
CC_MOBILITY_IMPAIR,0.053773804753883735
CC_MULTIPLE_SCLEROSIS,0.0655161097085224
CC_MUSCULAR_DYSTROPHY,0.02884609043426383
CC_OBESITY,0.5708961039172081
CC_OSTEOPOROSIS,0.07043187735258896
CC_PERIPHERAL,0.16872266414764064
CC_PERSONALITY,0.016088727890255596
CC_PRESSURE,0.11986799345836037
CC_PROSTATE_CANCER,0.08963215112233582
CC_PTSD,0.038264952352841754
CC_SCHIZOPHRENIA,0.07453194683482417
CC_SCHIZOPHRENIA_OTHER,0.10977325339088487
CC_SPINAL_CORD,0.04575130814275997
CC_SPINA_BIFIDA,0.008405106883739761
CC_STROKE,0.05700547411583233
CC_TOBACCO,0.1368570841222853
CC_TRAUMATIC_BRAIN,0.00913188284281124
CC_VISUAL_IMPAIR,0.043924482245009826
LOB,0.4838026735547793
PREGNANCY,0.039183627303152724
IP_BIN,0.07179769493239216
ER_BIN,0.08015161946143781
ACUTE,0.10151541486113809
IP_C,0.011046274774090205
ER_C,0.07447318206263409
ACUTE_C,0.0640803723587288
IP_BIN6,0.12642928300109993
ER_BIN6,0.10915660396442842
ACUTE6,0.1467898250903022
IP_BIN2,0.09297877946487153
ER_BIN2,0.0980486921167496
ACUTE2,0.12548973471556424
