,0
MBR_GNDR,0.02191589612042766
AGE_AT_MIDMONTH,0.015116137981775963
ALLOW_AMT,0.016261206149205967
ALLOW_ER,0.005106333926738583
ALLOW_IP,0.005964385654433051
CC_ADHD,0.07862217374917818
CC_ALZHEIMER,0.0544281281990487
CC_ALZHEIMER_PLUS,0.09275388411218828
CC_AMI,0.006636528240673312
CC_ANEMIA,0.04700283831477059
CC_ANXIETY_DISORDER,0.06241568593943307
CC_ARTHRITIS,0.09842922498068893
CC_ASTHMA,0.07845234474893087
CC_ATRIAL_FIB,0.030292387626076927
CC_AUTISM,0.03811756998740236
CC_BIPOLAR,0.03923417428058577
CC_BPH,0.016390584744913138
CC_BREAST_CANCER,0.03166089989387696
CC_CATARACT,0.019895386403674064
CC_CEREBRAL_PALSY,0.007785125607536971
CC_CHRONIC_KIDNEY,0.05597578986895332
CC_COLORECTAL_CANCER,0.020494494482458443
CC_COPD,0.006398968814066664
CC_CYSTIC_FIBROSIS,0.01777442316180463
CC_DEPRESSION,0.0889741405658115
CC_DEPRESSIVE_DISORDERS,0.005127860485780888
CC_DEVELOP_DELAYS,0.025540904846081326
CC_DIABETES,0.16428271159157942
CC_DISAB_DX_CNT,0.013366800352693881
CC_DX_CNT,0.2549555829204992
CC_ENDOMETRIAL_CANCER,0.0004898848148023261
CC_EPILEPSY,0.017261496021459568
CC_FIBROMYALGIA,0.01480074350806015
CC_GLAUCOMA,0.00719913600470733
CC_HEARING_IMPAIR,0.03587119039168238
CC_HEART_FAILURE,0.05581801470616171
CC_HEPATITIS_A,0.009555191686628491
CC_HEPATITIS_B_ACUTE,0.0005761499829152046
CC_HEPATITIS_B_CHRONIC,0.007071823703532164
CC_HEPATITIS_C_ACUTE,0.011305958497961828
CC_HEPATITIS_C_CHRONIC,0.015938966977932626
CC_HEPATITIS_C_UNSPECIFIED,0.003657499552977878
CC_HEPATITIS_D,
CC_HEPATITIS_E,
CC_HEPATITIS_GEN,0.008570663794737412
CC_HIP_FRACTURE,0.02093619212517045
CC_HYPERLIPIDEMIA,0.10265011569322495
CC_HYPERTENSION,0.18093877658555535
CC_HYPOTHYROID,0.025256651741403662
CC_INT_DISAB,0.046171445665431
CC_ISCHEMIC,0.02329008490012042
CC_LEARN_DISAB,0.001111023132975613
CC_LEUKEMIAS,0.040067836688239676
CC_LIVER,0.0366396834065324
CC_LUNG_CANCER,0.005147533182822887
CC_MIGRAINE,0.09657569313202165
CC_MOBILITY_IMPAIR,0.012455346718581907
CC_MULTIPLE_SCLEROSIS,0.02808392806182409
CC_MUSCULAR_DYSTROPHY,0.028350327145333018
CC_OBESITY,0.45116445111366493
CC_OSTEOPOROSIS,0.05569212270191407
CC_PERIPHERAL,0.005960604472823547
CC_PERSONALITY,0.03656683929962796
CC_PRESSURE,0.006212373723686212
CC_PROSTATE_CANCER,0.007823727885127897
CC_PTSD,0.039876042135207325
CC_SCHIZOPHRENIA,0.03613644523390593
CC_SCHIZOPHRENIA_OTHER,0.05527415240513747
CC_SPINAL_CORD,0.016903999986788817
CC_SPINA_BIFIDA,0.005083034761798292
CC_STROKE,0.0181234897869407
CC_TOBACCO,0.09401466020428648
CC_TRAUMATIC_BRAIN,0.008737106586598799
CC_VISUAL_IMPAIR,0.006165078100080391
LOB,0.02506550766958582
PREGNANCY,0.02515945127751357
IP_BIN,0.010904414321444003
ER_BIN,0.007387705038012089
ACUTE,0.01092831780344245
IP_C,0.06502197954496985
ER_C,0.053288724267350325
ACUTE_C,0.06470423505472771
IP_BIN6,0.016681640500380915
ER_BIN6,0.003278631613310517
ACUTE6,0.010327579316627136
IP_BIN2,0.014701074222570117
ER_BIN2,0.008303412791236817
ACUTE2,0.01345392761943637
