,0
MBR_GNDR,0.04035272066739058
AGE_AT_MIDMONTH,0.35547978550372517
ALLOW_AMT,1.2513507839630573
ALLOW_ER,0.36941675624057013
ALLOW_IP,0.26371912091618444
CC_ADHD,3.624650618095718
CC_ALZHEIMER,0.46762697576477225
CC_ALZHEIMER_PLUS,0.48391522043495827
CC_AMI,0.1348563082087399
CC_ANEMIA,1.6679313583072959
CC_ANXIETY_DISORDER,0.4433583848673285
CC_ARTHRITIS,1.5455423905035015
CC_ASTHMA,0.787824824559196
CC_ATRIAL_FIB,0.23869808854750985
CC_AUTISM,0.4000815497990312
CC_BIPOLAR,1.5805965275639946
CC_BPH,0.12771839565285634
CC_BREAST_CANCER,0.3636367974695059
CC_CATARACT,1.040033597679237
CC_CEREBRAL_PALSY,0.5007133943704963
CC_CHRONIC_KIDNEY,0.23698116419768372
CC_COLORECTAL_CANCER,0.45433440928718544
CC_COPD,0.05249261511731413
CC_CYSTIC_FIBROSIS,0.6871106706108365
CC_DEPRESSION,1.076971845751582
CC_DEPRESSIVE_DISORDERS,0.08411588845295777
CC_DEVELOP_DELAYS,0.4981863722128316
CC_DIABETES,0.4533452053138755
CC_DISAB_DX_CNT,0.13745463731073124
CC_DX_CNT,18.556873495903943
CC_ENDOMETRIAL_CANCER,0.0313834706336745
CC_EPILEPSY,0.32986282232790387
CC_FIBROMYALGIA,0.4263230336662671
CC_GLAUCOMA,0.15554559467161128
CC_HEARING_IMPAIR,1.1950424566584175
CC_HEART_FAILURE,0.5101860937989442
CC_HEPATITIS_A,0.7010383200734257
CC_HEPATITIS_B_ACUTE,0.22268400779320535
CC_HEPATITIS_B_CHRONIC,0.3756476079758363
CC_HEPATITIS_C_ACUTE,0.4652049437890818
CC_HEPATITIS_C_CHRONIC,0.24424360202796733
CC_HEPATITIS_C_UNSPECIFIED,0.08043174519170629
CC_HEPATITIS_D,
CC_HEPATITIS_E,
CC_HEPATITIS_GEN,0.12339130610478162
CC_HIP_FRACTURE,0.3638361459032534
CC_HYPERLIPIDEMIA,2.3033685721670945
CC_HYPERTENSION,65.09818453891697
CC_HYPOTHYROID,0.3701509168572906
CC_INT_DISAB,0.7022697489260719
CC_ISCHEMIC,0.17282566143425443
CC_LEARN_DISAB,0.020110421000245845
CC_LEUKEMIAS,15.14861716016975
CC_LIVER,0.7074854551148299
CC_LUNG_CANCER,0.11804181918764145
CC_MIGRAINE,0.49180576608621107
CC_MOBILITY_IMPAIR,0.23162479901856559
CC_MULTIPLE_SCLEROSIS,0.4286568324457596
CC_MUSCULAR_DYSTROPHY,0.982813501536349
CC_OBESITY,0.7902741812704562
CC_OSTEOPOROSIS,0.7907232462811375
CC_PERIPHERAL,0.03532782334214285
CC_PERSONALITY,2.2728235289363847
CC_PRESSURE,0.05182679332864832
CC_PROSTATE_CANCER,0.08728707040010188
CC_PTSD,1.0421035355672126
CC_SCHIZOPHRENIA,0.48484504656762306
CC_SCHIZOPHRENIA_OTHER,0.5035302379926294
CC_SPINAL_CORD,0.3694757739831715
CC_SPINA_BIFIDA,0.6047555173428861
CC_STROKE,0.31792542853191
CC_TOBACCO,0.6869550144754069
CC_TRAUMATIC_BRAIN,0.9567694567475518
CC_VISUAL_IMPAIR,0.14035630666496457
LOB,0.05180936162550524
PREGNANCY,0.6420909193235725
IP_BIN,0.15187694161646936
ER_BIN,0.09217162532276005
ACUTE,0.10765180655953763
IP_C,5.886326465233634
ER_C,0.715542464971256
ACUTE_C,1.009735628446515
IP_BIN6,0.1319444364818219
ER_BIN6,0.030036035331210437
ACUTE6,0.07035623422995302
IP_BIN2,0.15811214459020034
ER_BIN2,0.08468662469612229
ACUTE2,0.10721137987845078
