,Coefficient,Standard Error,z-statistic,p-value
Age,-1.43,0.164,-8.715,0.0
Total Cost,0.062,0.01,6.385,0.0
Gender,-0.002,0.062,-0.031,0.975
Tobacco Use,0.16,0.09,1.765,0.077
Pressure,0.514,0.455,1.129,0.259
Obesity,-0.008,0.062,-0.124,0.902
Hypertension,0.092,0.069,1.341,0.18
Hypothyroid,-0.287,0.105,-2.744,0.006
Disease Count,1.765,0.28,6.3,0.0
Acute Care 2 Months,1.375,0.118,11.691,0.0
Acute Care 6 Months,0.495,0.321,1.54,0.124
Inpatient Visits 6 Months,-0.242,0.267,-0.905,0.366
Emergency Vistits 6 Months,-0.25,0.309,-0.809,0.419
Line of Bussiness,-0.497,0.094,-5.301,0.0
Treatment,-0.257,0.067,-3.856,0.0
