,Coefficient,Standard Error,z-statistic,p-value
Age,-1.557,0.177,-8.808,0.0
Total Cost,0.084,0.01,8.016,0.0
Gender,-0.006,0.067,-0.092,0.927
Tobacco Use,0.299,0.086,3.493,0.0
Pressure,0.786,0.457,1.722,0.085
Obesity,0.05,0.061,0.817,0.414
Hypertension,0.162,0.071,2.274,0.023
Hypothyroid,-0.186,0.1,-1.861,0.063
Disease Count,1.429,0.302,4.731,0.0
Acute Care 2 Months,1.502,0.104,14.392,0.0
Acute Care 6 Months,0.252,0.207,1.219,0.223
Inpatient Visits 6 Months,-0.216,0.187,-1.152,0.249
Emergency Vistits 6 Months,0.007,0.196,0.037,0.97
Line of Bussiness,-0.24,0.102,-2.353,0.019
Treatment,-0.344,0.072,-4.793,0.0
