,Coefficient,Standard Error,z-statistic,p-value
Age,0.648,0.453,1.43,0.153
Total Cost,0.087,0.028,3.101,0.002
Gender,0.152,0.159,0.952,0.341
Tobacco Use,-0.38,0.262,-1.453,0.146
Pressure,-14.474,1294.361,-0.011,0.991
Obesity,0.419,0.147,2.85,0.004
Hypertension,0.126,0.166,0.757,0.449
Hypothyroid,-0.035,0.22,-0.158,0.874
Disease Count,2.034,0.676,3.009,0.003
Acute Care 2 Months,0.369,0.307,1.202,0.23
Acute Care 6 Months,-0.049,0.734,-0.066,0.947
Inpatient Visits 6 Months,-0.275,0.604,-0.455,0.649
Emergency Vistits 6 Months,0.208,0.689,0.303,0.762
Line of Bussiness,-0.362,0.27,-1.343,0.179
Treatment,0.955,0.139,6.853,0.0
