,Coefficient,Standard Error,z-statistic,p-value
Age,-0.897,0.207,-4.333,0.0
Total Cost,0.054,0.012,4.54,0.0
Gender,0.053,0.077,0.683,0.494
Tobacco Use,0.461,0.095,4.833,0.0
Pressure,1.17,0.46,2.545,0.011
Obesity,0.074,0.071,1.05,0.294
Hypertension,0.148,0.082,1.797,0.072
Hypothyroid,-0.16,0.117,-1.364,0.172
Disease Count,0.811,0.347,2.335,0.02
Acute Care 2 Months,1.398,0.118,11.798,0.0
Acute Care 6 Months,-0.348,0.252,-1.381,0.167
Inpatient Visits 6 Months,-0.172,0.192,-0.896,0.37
Emergency Vistits 6 Months,0.828,0.238,3.479,0.001
Line of Bussiness,-0.417,0.114,-3.643,0.0
Treatment,-0.232,0.082,-2.816,0.005
