,Coefficient,Standard Error,z-statistic,p-value
Age,-2.482,0.276,-8.998,0.0
Total Cost,0.119,0.017,7.093,0.0
Gender,-0.026,0.104,-0.248,0.804
Tobacco Use,0.067,0.138,0.485,0.628
Pressure,-0.26,1.008,-0.258,0.797
Obesity,0.029,0.093,0.309,0.758
Hypertension,0.218,0.11,1.982,0.047
Hypothyroid,-0.122,0.149,-0.822,0.411
Disease Count,2.623,0.438,5.982,0.0
Acute Care 2 Months,0.956,0.168,5.693,0.0
Acute Care 6 Months,-1.075,0.279,-3.857,0.0
Inpatient Visits 6 Months,1.455,0.256,5.679,0.0
Emergency Vistits 6 Months,0.598,0.228,2.625,0.009
Line of Bussiness,-0.011,0.161,-0.067,0.946
Treatment,-0.459,0.114,-4.031,0.0
