,Coefficient,Standard Error,z-statistic,p-value
Age,1.613,0.509,3.167,0.002
Total Cost,-0.009,0.028,-0.334,0.738
Gender,0.162,0.144,1.128,0.259
Tobacco Use,-0.514,0.26,-1.978,0.048
Pressure,-0.234,0.726,-0.322,0.747
Obesity,0.646,0.145,4.446,0.0
Hypertension,0.023,0.165,0.137,0.891
Hypothyroid,0.059,0.206,0.285,0.776
Disease Count,2.134,0.577,3.697,0.0
Acute Care 2 Months,-0.067,0.357,-0.188,0.851
Acute Care 6 Months,0.068,0.542,0.125,0.9
Inpatient Visits 6 Months,0.094,0.443,0.211,0.833
Emergency Vistits 6 Months,0.041,0.504,0.081,0.936
Line of Bussiness,-0.478,0.219,-2.181,0.029
Treatment,0.925,0.148,6.232,0.0
