,Coefficient,Standard Error,z-statistic,p-value
Age,-0.499,0.185,-2.702,0.007
Total Cost,0.066,0.012,5.501,0.0
Gender,-0.053,0.075,-0.706,0.48
Tobacco Use,0.253,0.088,2.879,0.004
Pressure,0.398,0.383,1.037,0.3
Obesity,0.044,0.063,0.697,0.486
Hypertension,0.064,0.072,0.883,0.377
Hypothyroid,-0.125,0.101,-1.24,0.215
Disease Count,1.806,0.268,6.732,0.0
Acute Care 2 Months,1.263,0.117,10.786,0.0
Acute Care 6 Months,0.417,0.265,1.572,0.116
Inpatient Visits 6 Months,-0.298,0.242,-1.229,0.219
Emergency Vistits 6 Months,0.055,0.255,0.217,0.829
Line of Bussiness,-0.209,0.12,-1.741,0.082
Treatment,-0.2,0.077,-2.605,0.009
