,Coefficient,Standard Error,z-statistic,p-value
Age,1.714,0.451,3.801,0.0
Total Cost,0.061,0.029,2.114,0.035
Gender,0.066,0.166,0.401,0.689
Tobacco Use,-0.168,0.246,-0.685,0.494
Pressure,-14.267,998.612,-0.014,0.989
Obesity,0.474,0.148,3.197,0.001
Hypertension,0.164,0.163,1.006,0.314
Hypothyroid,-0.212,0.234,-0.909,0.363
Disease Count,1.655,0.65,2.547,0.011
Acute Care 2 Months,0.353,0.34,1.038,0.299
Acute Care 6 Months,-0.611,0.782,-0.78,0.435
Inpatient Visits 6 Months,0.535,0.659,0.812,0.417
Emergency Vistits 6 Months,0.616,0.735,0.838,0.402
Line of Bussiness,-0.379,0.311,-1.218,0.223
Treatment,0.838,0.143,5.867,0.0
