,Coefficient,Standard Error,z-statistic,p-value
Age,-0.753,0.209,-3.604,0.0
Total Cost,0.056,0.013,4.174,0.0
Gender,-0.086,0.088,-0.981,0.326
Tobacco Use,0.29,0.099,2.94,0.003
Pressure,0.305,0.453,0.673,0.501
Obesity,0.041,0.073,0.567,0.571
Hypertension,0.041,0.083,0.495,0.621
Hypothyroid,-0.075,0.116,-0.65,0.516
Disease Count,1.44,0.306,4.713,0.0
Acute Care 2 Months,1.158,0.127,9.148,0.0
Acute Care 6 Months,0.104,0.309,0.338,0.735
Inpatient Visits 6 Months,-0.326,0.257,-1.272,0.203
Emergency Vistits 6 Months,0.522,0.296,1.764,0.078
Line of Bussiness,-0.164,0.134,-1.226,0.22
Treatment,-0.224,0.088,-2.534,0.011
