,0
MBR_GNDR,0.019326876274729208
AGE_AT_MIDMONTH,0.027645380121950884
ALLOW_AMT,0.001620683660435301
ALLOW_ER,0.006146047651506028
ALLOW_IP,0.0037983777724759625
CC_ADHD,0.07028753404137754
CC_ALZHEIMER,0.06108011809130393
CC_ALZHEIMER_PLUS,0.0904984732944501
CC_AMI,0.00698875504389786
CC_ANEMIA,0.0037507632150265043
CC_ANXIETY_DISORDER,0.010861182204700705
CC_ARTHRITIS,0.02085507414953698
CC_ASTHMA,0.06856079606944478
CC_ATRIAL_FIB,0.004128954522742459
CC_AUTISM,0.04777238990531303
CC_BIPOLAR,0.005339684950845616
CC_BPH,0.021528084231916208
CC_BREAST_CANCER,0.034777865882822674
CC_CATARACT,0.0288864634738406
CC_CEREBRAL_PALSY,0.0031117985312406416
CC_CHRONIC_KIDNEY,0.02618070528011793
CC_COLORECTAL_CANCER,0.02274520651747858
CC_COPD,0.021575160912314227
CC_CYSTIC_FIBROSIS,0.028462053166140037
CC_DEPRESSION,0.04448093379897537
CC_DEPRESSIVE_DISORDERS,0.0009277228784049051
CC_DEVELOP_DELAYS,0.02486328109373187
CC_DIABETES,0.1766142500814047
CC_DISAB_DX_CNT,0.030185092195510396
CC_DX_CNT,0.16156364062932374
CC_ENDOMETRIAL_CANCER,0.02900020263481087
CC_EPILEPSY,0.030378364532748253
CC_FIBROMYALGIA,0.036855845936764796
CC_GLAUCOMA,0.0016200971218361118
CC_HEARING_IMPAIR,0.01861573071963541
CC_HEART_FAILURE,0.021072873046787913
CC_HEPATITIS_A,
CC_HEPATITIS_B_ACUTE,0.015426280899484276
CC_HEPATITIS_B_CHRONIC,0.022412122615087647
CC_HEPATITIS_C_ACUTE,
CC_HEPATITIS_C_CHRONIC,0.028897231287428958
CC_HEPATITIS_C_UNSPECIFIED,0.008709796855100586
CC_HEPATITIS_D,
CC_HEPATITIS_E,
CC_HEPATITIS_GEN,0.028189861230705125
CC_HIP_FRACTURE,0.033036577500361826
CC_HYPERLIPIDEMIA,0.07629694844965716
CC_HYPERTENSION,0.13888141225581124
CC_HYPOTHYROID,0.02438322678097505
CC_INT_DISAB,0.04219707535246719
CC_ISCHEMIC,0.002155256386725032
CC_LEARN_DISAB,0.013794486656927528
CC_LEUKEMIAS,0.03788612979887397
CC_LIVER,0.029934027391121477
CC_LUNG_CANCER,0.018317444959472143
CC_MIGRAINE,0.08004783733852394
CC_MOBILITY_IMPAIR,0.02259074383642512
CC_MULTIPLE_SCLEROSIS,0.008387471462639292
CC_MUSCULAR_DYSTROPHY,0.020800485615614598
CC_OBESITY,0.4051929125878387
CC_OSTEOPOROSIS,0.07019810742427743
CC_PERIPHERAL,0.0038407116653216247
CC_PERSONALITY,0.0012511865442208102
CC_PRESSURE,0.032712144807369226
CC_PROSTATE_CANCER,0.025915692914916928
CC_PTSD,0.01884181267426055
CC_SCHIZOPHRENIA,0.03537598767025567
CC_SCHIZOPHRENIA_OTHER,0.051990676346793614
CC_SPINAL_CORD,0.030626309527645112
CC_SPINA_BIFIDA,0.003518719743003095
CC_STROKE,0.008273716587409594
CC_TOBACCO,0.10769578604329373
CC_TRAUMATIC_BRAIN,0.012793333930395147
CC_VISUAL_IMPAIR,0.024188345912845063
LOB,0.033569050807145756
PREGNANCY,0.022256799302805864
IP_BIN,0.01953553880248825
ER_BIN,0.006852896244522603
ACUTE,0.01469014057668316
IP_C,0.0015842923157636068
ER_C,0.0032749924819772992
ACUTE_C,0.0020072572633352344
IP_BIN6,0.03419957510162491
ER_BIN6,0.0050208535417232926
ACUTE6,0.019234962427436147
IP_BIN2,0.025594343620694855
ER_BIN2,0.006844316091912933
ACUTE2,0.017289579647085367
