,0
MBR_GNDR,0.5402499810720636
AGE_AT_MIDMONTH,0.038862890313688794
ALLOW_AMT,0.017101741340413652
ALLOW_ER,0.007147182662158917
ALLOW_IP,0.02157696065619766
CC_ADHD,0.018774418354968455
CC_ALZHEIMER,0.12147079447885606
CC_ALZHEIMER_PLUS,0.20237392125072232
CC_AMI,0.053294205325814976
CC_ANEMIA,0.04651414407916449
CC_ANXIETY_DISORDER,0.10546763266652776
CC_ARTHRITIS,0.02574310955368795
CC_ASTHMA,0.08455534934335183
CC_ATRIAL_FIB,0.14540453598531136
CC_AUTISM,0.0963040586864301
CC_BIPOLAR,0.03448876109083693
CC_BPH,0.14549826623422032
CC_BREAST_CANCER,0.07651620743752864
CC_CATARACT,0.04308775068086661
CC_CEREBRAL_PALSY,0.015939803457478984
CC_CHRONIC_KIDNEY,0.27218611023461403
CC_COLORECTAL_CANCER,0.049306276144542305
CC_COPD,0.13851966096470858
CC_CYSTIC_FIBROSIS,0.029590493743190054
CC_DEPRESSION,0.061509291657357
CC_DEPRESSIVE_DISORDERS,0.06278841328129717
CC_DEVELOP_DELAYS,0.050589861894543356
CC_DIABETES,0.3977144298411302
CC_DISAB_DX_CNT,0.12130613673405416
CC_DX_CNT,0.08020477837212114
CC_ENDOMETRIAL_CANCER,0.011875181992511488
CC_EPILEPSY,0.05898157101457283
CC_FIBROMYALGIA,0.005190583053779719
CC_GLAUCOMA,0.06507305412981676
CC_HEARING_IMPAIR,0.05195746713094541
CC_HEART_FAILURE,0.13320074923322409
CC_HEPATITIS_A,0.013848086502835212
CC_HEPATITIS_B_ACUTE,0.0028694051162510455
CC_HEPATITIS_B_CHRONIC,0.01998415834760277
CC_HEPATITIS_C_ACUTE,0.023829506853268116
CC_HEPATITIS_C_CHRONIC,0.06589829427416634
CC_HEPATITIS_C_UNSPECIFIED,0.04657301854741604
CC_HEPATITIS_D,0.005502449453631311
CC_HEPATITIS_E,0.004032335496439137
CC_HEPATITIS_GEN,0.0710512489829688
CC_HIP_FRACTURE,0.05953735057036257
CC_HYPERLIPIDEMIA,0.09706341261446023
CC_HYPERTENSION,0.050972800773592675
CC_HYPOTHYROID,0.04377896050749867
CC_INT_DISAB,0.06831397989300515
CC_ISCHEMIC,0.1725733020005731
CC_LEARN_DISAB,0.05397310322513286
CC_LEUKEMIAS,0.004020648721886264
CC_LIVER,0.0319847012009891
CC_LUNG_CANCER,0.04805540759845695
CC_MIGRAINE,0.180442615121046
CC_MOBILITY_IMPAIR,0.06197679930112252
CC_MULTIPLE_SCLEROSIS,0.061581262305155746
CC_MUSCULAR_DYSTROPHY,0.029495531778450983
CC_OBESITY,0.4864351448574762
CC_OSTEOPOROSIS,0.08402110714285746
CC_PERIPHERAL,0.1925972314516865
CC_PERSONALITY,0.005468894870578235
CC_PRESSURE,0.1292153489143526
CC_PROSTATE_CANCER,0.09981300067320378
CC_PTSD,0.026200974687633313
CC_SCHIZOPHRENIA,0.08032859933472462
CC_SCHIZOPHRENIA_OTHER,0.11577835362929283
CC_SPINAL_CORD,0.049091617718129116
CC_SPINA_BIFIDA,0.007018459265653839
CC_STROKE,0.06665761409036262
CC_TOBACCO,0.15432744150918878
CC_TRAUMATIC_BRAIN,0.010868513193815755
CC_VISUAL_IMPAIR,0.04606376040681215
LOB,0.46048216935057495
PREGNANCY,0.034817155736275335
IP_BIN,0.06809513290052537
ER_BIN,0.06671833738755698
ACUTE,0.08880835232058885
IP_C,0.07570055689385449
ER_C,0.006985250510083104
ACUTE_C,0.01705433350117718
IP_BIN6,0.13703256809368158
ER_BIN6,0.1178075048837133
ACUTE6,0.15949983318440566
IP_BIN2,0.09035437247351275
ER_BIN2,0.08498208652140579
ACUTE2,0.1137921465382959
