,0
MBR_GNDR,0.035773950859521106
AGE_AT_MIDMONTH,0.7113567698852616
ALLOW_AMT,0.09476717184380595
ALLOW_ER,0.8599259235455889
ALLOW_IP,0.17603859194992483
CC_ADHD,3.7437928948023402
CC_ALZHEIMER,0.5028378908144534
CC_ALZHEIMER_PLUS,0.44718446297401615
CC_AMI,0.13113536455177432
CC_ANEMIA,0.08063704684413657
CC_ANXIETY_DISORDER,0.10298118892117426
CC_ARTHRITIS,0.8101225730342778
CC_ASTHMA,0.8108392502884901
CC_ATRIAL_FIB,0.028396325429349487
CC_AUTISM,0.4960579082223508
CC_BIPOLAR,0.15482391312294133
CC_BPH,0.14796110489221026
CC_BREAST_CANCER,0.4545163312127947
CC_CATARACT,0.6704101053636067
CC_CEREBRAL_PALSY,0.1952218883715646
CC_CHRONIC_KIDNEY,0.09618677917675947
CC_COLORECTAL_CANCER,0.4613044889214624
CC_COPD,0.15575522465226832
CC_CYSTIC_FIBROSIS,0.9618647601204791
CC_DEPRESSION,0.7231579587480926
CC_DEPRESSIVE_DISORDERS,0.014775383385603831
CC_DEVELOP_DELAYS,0.49146766096259364
CC_DIABETES,0.44407302534120896
CC_DISAB_DX_CNT,0.24883400797510158
CC_DX_CNT,2.014389216060506
CC_ENDOMETRIAL_CANCER,2.442084900517605
CC_EPILEPSY,0.5150484127532401
CC_FIBROMYALGIA,7.100521377829957
CC_GLAUCOMA,0.024896589586899012
CC_HEARING_IMPAIR,0.35828787944414725
CC_HEART_FAILURE,0.15820386272671005
CC_HEPATITIS_A,
CC_HEPATITIS_B_ACUTE,5.376125111130744
CC_HEPATITIS_B_CHRONIC,1.1214944470141333
CC_HEPATITIS_C_ACUTE,
CC_HEPATITIS_C_CHRONIC,0.4385125837582923
CC_HEPATITIS_C_UNSPECIFIED,0.18701379310926847
CC_HEPATITIS_D,
CC_HEPATITIS_E,
CC_HEPATITIS_GEN,0.39675391543732497
CC_HIP_FRACTURE,0.5548882707052686
CC_HYPERLIPIDEMIA,0.7860526061731592
CC_HYPERTENSION,2.7246180344824436
CC_HYPOTHYROID,0.556962214230705
CC_INT_DISAB,0.6176931196009539
CC_ISCHEMIC,0.01248893288672123
CC_LEARN_DISAB,0.255580758426802
CC_LEUKEMIAS,9.422889792048263
CC_LIVER,0.9358857912418389
CC_LUNG_CANCER,0.38117343863836695
CC_MIGRAINE,0.4436193594557782
CC_MOBILITY_IMPAIR,0.364503234939013
CC_MULTIPLE_SCLEROSIS,0.13620168130163632
CC_MUSCULAR_DYSTROPHY,0.7052080217387753
CC_OBESITY,0.832984452031234
CC_OSTEOPOROSIS,0.8354818189306006
CC_PERIPHERAL,0.019941676400914814
CC_PERSONALITY,0.2287823360715874
CC_PRESSURE,0.253159899982561
CC_PROSTATE_CANCER,0.25964245879920095
CC_PTSD,0.7191264026965287
CC_SCHIZOPHRENIA,0.4403909437390533
CC_SCHIZOPHRENIA_OTHER,0.4490535123107811
CC_SPINAL_CORD,0.6238602627335109
CC_SPINA_BIFIDA,0.5013521643165498
CC_STROKE,0.12412260325119873
CC_TOBACCO,0.6978395092287034
CC_TRAUMATIC_BRAIN,1.1771006486586064
CC_VISUAL_IMPAIR,0.5251057599124704
LOB,0.07289978427283884
PREGNANCY,0.6392480612543812
IP_BIN,0.2868859780481834
ER_BIN,0.10271383419996126
ACUTE,0.16541395254866673
IP_C,0.02092841031519839
ER_C,0.468843955882455
ACUTE_C,0.11769778415536924
IP_BIN6,0.24957260582203025
ER_BIN6,0.042619131494885075
ACUTE6,0.12059550184731324
IP_BIN2,0.2832662429059291
ER_BIN2,0.0805383389849924
ACUTE2,0.1519400079272315
